종목코드,업종
0054V0,금융 지원 서비스업
0009K0,자연과학 및 공학 연구개발업
0096D0,금융 지원 서비스업
0096B0,기타 금융업
0093G0,금융 지원 서비스업
0015N0,기타 화학제품 제조업
0126Z0,기타 금융업
0120G0,의약품 제조업
0091W0,금융 지원 서비스업
0068Y0,금융 지원 서비스업
488900,"항공기,우주선 및 부품 제조업"
388210,전자부품 제조업
403850,"영화, 비디오물, 방송프로그램 제작 및 배급업"
403810,전자부품 제조업
0015G0,사진장비 및 광학기기 제조업
459550,통신 및 방송 장비 제조업
061090,통신 및 방송 장비 제조업
494120,사진장비 및 광학기기 제조업
469610,특수 목적용 기계 제조업
486990,소프트웨어 개발 및 공급업
014950,의약품 제조업
317450,의약품 제조업
0072Z0,금융 지원 서비스업
0071M0,금융 지원 서비스업
488280,소프트웨어 개발 및 공급업
342870,가전제품 및 정보통신장비 소매업
496320,특수 목적용 기계 제조업
318060,합성고무 및 플라스틱 물질 제조업
397810,광고업
0044K0,금융 지원 서비스업
0010V0,의료용 기기 제조업
125490,자동차 신품 부품 제조업
0008Z0,"전동기, 발전기 및 전기 변환 · 공급 · 제어 장치 제조업"
484590,무기 및 총포탄 제조업
0041B0,금융 지원 서비스업
456160,의약품 제조업
309710,기초 의약물질 제조업
0041L0,금융 지원 서비스업
439260,선박 및 보트 건조업
468530,자연과학 및 공학 연구개발업
475230,기타 금속 가공제품 제조업
380550,소프트웨어 개발 및 공급업
484120,전자부품 제조업
0004Y0,기타 금융업
0041J0,금융 지원 서비스업
331740,소프트웨어 개발 및 공급업
0030R0,신탁업 및 집합투자업
462310,봉제의복 제조업
234030,반도체 제조업
0037T0,금융 지원 서비스업
463020,소프트웨어 개발 및 공급업
388610,기타 화학제품 제조업
455180,특수 목적용 기계 제조업
340450,"그외 기타 전문, 과학 및 기술 서비스업"
474650,특수 목적용 기계 제조업
475430,절연선 및 케이블 제조업
496070,금융 지원 서비스업
287840,자연과학 및 공학 연구개발업
483650,기타 화학제품 제조업
489460,기타 화학제품 제조업
424870,자연과학 및 공학 연구개발업
188040,기타 식품 제조업
125020,절연선 및 케이블 제조업
376900,의료용품 및 기타 의약 관련제품 제조업
476040,자연과학 및 공학 연구개발업
136150,일반 목적용 기계 제조업
459510,특수 목적용 기계 제조업
364950,특수 목적용 기계 제조업
081180,일반 목적용 기계 제조업
448900,자동차 신품 부품 제조업
481070,"섬유, 의복, 신발 및 가죽제품 소매업"
101970,"구조용 금속제품, 탱크 및 증기발생기 제조업"
462860,전기 통신업
444530,소프트웨어 개발 및 공급업
484810,일반 목적용 기계 제조업
098070,일반 목적용 기계 제조업
498390,금융 지원 서비스업
480370,"건축기술, 엔지니어링 및 관련 기술 서비스업"
031210,보험업
460870,유리 및 유리제품 제조업
226590,전자부품 제조업
393970,플라스틱제품 제조업
435570,도시락 및 식사용 조리식품 제조업
489500,기타 화학제품 제조업
479960,기타 전기장비 제조업
463480,전자부품 제조업
303810,의약품 제조업
475830,기초 의약물질 제조업
240550,의료용 기기 제조업
212710,반도체 제조업
064400,"컴퓨터 프로그래밍, 시스템 통합 및 관리업"
462980,기타 정보 서비스업
452450,특수 목적용 기계 제조업
482630,기타 화학제품 제조업
373160,기타 교육기관
450950,의료용 기기 제조업
096250,소프트웨어 개발 및 공급업
475460,기타 정보 서비스업
493790,금융 지원 서비스업
478560,신발 및 신발 부분품 제조업
332190,의료용 기기 제조업
432980,기초 의약물질 제조업
387570,의료용 기기 제조업
177900,반도체 제조업
499790,기타 금융업
487360,금융 지원 서비스업
495810,소프트웨어 개발 및 공급업
368030,특수 목적용 기계 제조업
176750,의약품 제조업
487720,금융 지원 서비스업
398120,의료용 기기 제조업
476060,자연과학 및 공학 연구개발업
382150,자연과학 및 공학 연구개발업
457600,영상 및 음향기기 제조업
484870,특수 목적용 기계 제조업
471820,기타 식품 제조업
495900,의료용 기기 제조업
492220,금융 지원 서비스업
489480,금융 지원 서비스업
415640,신탁업 및 집합투자업
489730,기타 금융업
489210,금융 지원 서비스업
482690,금융 지원 서비스업
459100,전자부품 제조업
389680,소프트웨어 개발 및 공급업
474610,기타 금속 가공제품 제조업
466410,소프트웨어 개발 및 공급업
484130,금융 지원 서비스업
475660,기타 화학제품 제조업
413390,특수 목적용 기계 제조업
487830,금융 지원 서비스업
394800,자연과학 및 공학 연구개발업
464580,"영화, 비디오물, 방송프로그램 제작 및 배급업"
473980,창작 및 예술관련 서비스업
163280,일반 목적용 기계 제조업
475960,사진장비 및 광학기기 제조업
475560,상품 종합 도매업
376270,자연과학 및 공학 연구개발업
475580,그외 기타 제품 제조업
336680,전자부품 제조업
458650,일차전지 및 이차전지 제조업
488060,금융 지원 서비스업
476710,창작 및 예술관련 서비스업
466100,소프트웨어 개발 및 공급업
044990,전자부품 제조업
289930,반도체 제조업
475400,특수 목적용 기계 제조업
457370,기초 화학물질 제조업
474170,"항공기,우주선 및 부품 제조업"
209640,특수 목적용 기계 제조업
465480,소프트웨어 개발 및 공급업
308430,의약품 제조업
381620,특수 목적용 기계 제조업
351870,광고업
489790,통신 및 방송 장비 제조업
486630,금융 지원 서비스업
464500,반도체 제조업
482680,금융 지원 서비스업
469750,특수 목적용 기계 제조업
461300,소프트웨어 개발 및 공급업
456070,기초 의약물질 제조업
476080,"영화, 비디오물, 방송프로그램 제작 및 배급업"
478780,금융 지원 서비스업
464280,의약품 제조업
389650,의료용 기기 제조업
431190,소프트웨어 개발 및 공급업
079900,특수 목적용 기계 제조업
088340,소프트웨어 개발 및 공급업
482520,금융 지원 서비스업
199480,소프트웨어 개발 및 공급업
460470,사진장비 및 광학기기 제조업
460940,의료용 기기 제조업
487570,기타 금융업
062040,"전동기, 발전기 및 전기 변환 · 공급 · 제어 장치 제조업"
481890,금융 지원 서비스업
473950,금융 지원 서비스업
373110,기초 의약물질 제조업
478110,금융 지원 서비스업
462870,소프트웨어 개발 및 공급업
450330,의료용품 및 기타 의약 관련제품 제조업
462350,"항공기,우주선 및 부품 제조업"
481850,신탁업 및 집합투자업
295310,1차 비철금속 제조업
266350,소프트웨어 개발 및 공급업
160190,"전동기, 발전기 및 전기 변환 · 공급 · 제어 장치 제조업"
479880,금융 지원 서비스업
464080,"측정, 시험, 항해, 제어 및 기타 정밀기기 제조업; 광학기기 제외"
478440,금융 지원 서비스업
477340,금융 지원 서비스업
034230,유원지 및 기타 오락관련 서비스업
107640,"전동기, 발전기 및 전기 변환 · 공급 · 제어 장치 제조업"
478390,금융 지원 서비스업
477470,금융 지원 서비스업
458870,의료용 기기 제조업
477760,기타 금융업
462510,의료용 기기 제조업
453450,"그외 기타 전문, 과학 및 기술 서비스업"
323350,특수 목적용 기계 제조업
477380,금융 지원 서비스업
145170,편조의복 제조업
456010,반도체 제조업
443060,"건축기술, 엔지니어링 및 관련 기술 서비스업"
473000,금융 지원 서비스업
126730,전자부품 제조업
452200,"측정, 시험, 항해, 제어 및 기타 정밀기기 제조업; 광학기기 제외"
140430,"컴퓨터 프로그래밍, 시스템 통합 및 관리업"
347850,자연과학 및 공학 연구개발업
474490,금융 지원 서비스업
412540,특수 목적용 기계 제조업
451250,기타 화학제품 제조업
475250,금융 지원 서비스업
474930,금융 지원 서비스업
474660,금융 지원 서비스업
461030,자연과학 및 공학 연구개발업
475150,건물 건설업
475240,금융 지원 서비스업
455900,특수 목적용 기계 제조업
420570,기타 화학제품 제조업
437730,자동차 신품 부품 제조업
036220,의료용 기기 제조업
199430,"측정, 시험, 항해, 제어 및 기타 정밀기기 제조업; 광학기기 제외"
473370,금융 지원 서비스업
469900,금융 지원 서비스업
472230,금융 지원 서비스업
473050,금융 지원 서비스업
468760,금융 지원 서비스업
278470,기타 화학제품 제조업
418620,소프트웨어 개발 및 공급업
360350,"측정, 시험, 항해, 제어 및 기타 정밀기기 제조업; 광학기기 제외"
068100,일반 목적용 기계 제조업
452430,반도체 제조업
443670,상품 중개업
415380,기타 생활용품 소매업
472220,금융 지원 서비스업
472850,"섬유, 의복, 신발 및 가죽제품 소매업"
469480,금융 지원 서비스업
199550,의료용 기기 제조업
452400,자동차 신품 부품 제조업
066970,일차전지 및 이차전지 제조업
105760,일반 목적용 기계 제조업
460930,선박 및 보트 건조업
440290,기타 금융업
362990,광고업
471050,금융 지원 서비스업
457550,"그외 기타 전문, 과학 및 기술 서비스업"
267080,알코올음료 제조업
452190,특수 목적용 기계 제조업
022100,"건축기술, 엔지니어링 및 관련 기술 서비스업"
017860,기타 화학제품 제조업
467930,금융 지원 서비스업
469880,금융 지원 서비스업
109670,봉제의복 제조업
439580,기타 전문 도매업
417200,전자부품 제조업
432470,특수 목적용 기계 제조업
465320,금융 지원 서비스업
338840,자연과학 및 공학 연구개발업
355690,전자부품 제조업
466910,금융 지원 서비스업
453860,기타 화학제품 제조업
402490,반도체 제조업
452160,특수 목적용 기계 제조업
452280,기타 금속 가공제품 제조업
111380,"가죽, 가방 및 유사제품 제조업"
448280,기타 전문 서비스업
352090,플라스틱제품 제조업
450080,일차전지 및 이차전지 제조업
452300,기타 금융업
296160,자연과학 및 공학 연구개발업
365330,"구조용 금속제품, 탱크 및 증기발생기 제조업"
445090,반도체 제조업
464440,금융 지원 서비스업
446540,일차전지 및 이차전지 제조업
413640,소프트웨어 개발 및 공급업
451760,"컴퓨터 프로그래밍, 시스템 통합 및 관리업"
372320,자연과학 및 공학 연구개발업
088280,반도체 제조업
464680,금융 지원 서비스업
188260,그외 기타 제품 제조업
290560,소프트웨어 개발 및 공급업
240600,기타 금속 가공제품 제조업
221800,기타 과학기술 서비스업
432720,반도체 제조업
351020,봉제의복 제조업
396470,특수 목적용 기계 제조업
246250,"그외 기타 전문, 과학 및 기술 서비스업"
416180,자동차 신품 부품 제조업
445180,기초 화학물질 제조업
289170,기타 식품 제조업
462020,금융 지원 서비스업
451220,특수 목적용 기계 제조업
443250,광고업
454910,특수 목적용 기계 제조업
452980,금융 지원 서비스업
430690,소프트웨어 개발 및 공급업
418470,"서적, 잡지 및 기타 인쇄물 출판업"
450520,소프트웨어 개발 및 공급업
403490,"과실, 채소 가공 및 저장 처리업"
384470,소프트웨어 개발 및 공급업
465770,해상 운송업
452670,금융 지원 서비스업
146060,1차 철강 제조업
455310,금융 지원 서비스업
457630,금융 지원 서비스업
444920,금융 지원 서비스업
355390,소프트웨어 개발 및 공급업
458610,금융 지원 서비스업
418250,소프트웨어 개발 및 공급업
424960,"측정, 시험, 항해, 제어 및 기타 정밀기기 제조업; 광학기기 제외"
092790,1차 철강 제조업
210120,"영화, 비디오물, 방송프로그램 제작 및 배급업"
457940,금융 지원 서비스업
448710,컴퓨터 및 주변장치 제조업
445680,의료용 기기 제조업
030190,기타 정보 서비스업
440110,반도체 제조업
373170,소프트웨어 개발 및 공급업
429270,반도체 제조업
446440,자연과학 및 공학 연구개발업
462520,"내화, 비내화 요업제품 제조업"
172670,반도체 제조업
450940,금융 지원 서비스업
388870,자연과학 및 공학 연구개발업
456700,"건축기술, 엔지니어링 및 관련 기술 서비스업"
438700,소프트웨어 개발 및 공급업
406820,기타 화학제품 제조업
455910,금융 지원 서비스업
432430,"영화, 비디오물, 방송프로그램 제작 및 배급업"
321370,전자부품 제조업
456570,의료용품 및 기타 의약 관련제품 제조업
378340,특수 목적용 기계 제조업
456490,금융 지원 서비스업
274400,소프트웨어 개발 및 공급업
354320,1차 비철금속 제조업
440320,소프트웨어 개발 및 공급업
232830,소프트웨어 개발 및 공급업
454640,금융 지원 서비스업
455250,금융 지원 서비스업
451700,금융 지원 서비스업
450050,금융 지원 서비스업
296520,생활용품 도매업
090460,전자부품 제조업
460850,1차 철강 제조업
460860,1차 철강 제조업
303360,의료용 기기 제조업
348080,자연과학 및 공학 연구개발업
439090,기타 화학제품 제조업
405920,음·식료품 및 담배 도매업
285800,플라스틱제품 제조업
457190,기초 화학물질 제조업
456040,기초 화학물질 제조업
420770,특수 목적용 기계 제조업
271830,특수 목적용 기계 제조업
434480,소프트웨어 개발 및 공급업
340810,소프트웨어 개발 및 공급업
456190,의료용품 및 기타 의약 관련제품 제조업
446840,"측정, 시험, 항해, 제어 및 기타 정밀기기 제조업; 광학기기 제외"
417790,영상 및 음향기기 제조업
012210,기타 금속 가공제품 제조업
304360,의약품 제조업
298830,소프트웨어 개발 및 공급업
393210,소프트웨어 개발 및 공급업
424980,반도체 제조업
318160,기타 섬유제품 제조업
100090,1차 철강 제조업
448730,부동산 임대 및 공급업
453340,종합 소매업
448830,금융 지원 서비스업
448760,금융 지원 서비스업
452260,종합 소매업
358570,자연과학 및 공학 연구개발업
309960,기타 금융업
451800,부동산 임대 및 공급업
446150,금융 지원 서비스업
356680,소프트웨어 개발 및 공급업
282720,전기 및 통신 공사업
418420,전자부품 제조업
389020,반도체 제조업
417010,일반 목적용 기계 제조업
199730,자연과학 및 공학 연구개발업
344860,기타 화학제품 제조업
127980,전자부품 제조업
418550,"건축기술, 엔지니어링 및 관련 기술 서비스업"
411080,소프트웨어 개발 및 공급업
407400,가구 제조업
408900,"영화, 비디오물, 방송프로그램 제작 및 배급업"
419050,자동차 신품 부품 제조업
450140,자동차 판매업
417860,소프트웨어 개발 및 공급업
254490,기타 전문 도매업
052960,자동차 부품 및 내장품 판매업
425040,기초 화학물질 제조업
198940,1차 비철금속 제조업
380540,마그네틱 및 광학 매체 제조업
447690,의료용 기기 제조업
346010,전자부품 제조업
162300,1차 철강 제조업
377740,의료용품 및 기타 의약 관련제품 제조업
448780,의료용 기기 제조업
390110,의료용 기기 제조업
417180,기타 정보 서비스업
419530,"영화, 비디오물, 방송프로그램 제작 및 배급업"
102950,전자부품 제조업
311960,소프트웨어 개발 및 공급업
446070,제재 및 목재 가공업
168360,특수 목적용 기계 제조업
389470,자연과학 및 공학 연구개발업
419080,특수 목적용 기계 제조업
084440,소프트웨어 개발 및 공급업
204610,소프트웨어 개발 및 공급업
425420,전자부품 제조업
372170,특수 목적용 기계 제조업
383930,자연과학 및 공학 연구개발업
348340,특수 목적용 기계 제조업
417500,기타 화학제품 제조업
108320,반도체 제조업
405100,"그외 기타 전문, 과학 및 기술 서비스업"
417840,특수 목적용 기계 제조업
419120,소프트웨어 개발 및 공급업
434190,일차전지 및 이차전지 제조업
405000,의료용 기기 제조업
291810,소프트웨어 개발 및 공급업
378800,기초 의약물질 제조업
419540,의료용 기기 제조업
360070,일차전지 및 이차전지 제조업
389500,일반 목적용 기계 제조업
368970,동물용 사료 및 조제식품 제조업
417970,특수 목적용 기계 제조업
296640,소프트웨어 개발 및 공급업
441270,전자부품 제조업
432320,부동산 임대 및 공급업
067370,의약품 제조업
393890,일차전지 및 이차전지 제조업
314140,의약품 제조업
413300,"건축기술, 엔지니어링 및 관련 기술 서비스업"
394280,소프트웨어 개발 및 공급업
129920,특수 목적용 기계 제조업
403550,운송장비 임대업
148930,기타 금속 가공제품 제조업
107600,기타 화학제품 제조업
126720,건물설비 설치 공사업
368600,전자부품 제조업
365340,기초 화학물질 제조업
397030,자연과학 및 공학 연구개발업
341170,자연과학 및 공학 연구개발업
424760,"컴퓨터 프로그래밍, 시스템 통합 및 관리업"
328130,소프트웨어 개발 및 공급업
354390,의약품 제조업
403870,특수 목적용 기계 제조업
112290,기타 화학제품 제조업
402030,소프트웨어 개발 및 공급업
396270,반도체 제조업
412350,특수 목적용 기계 제조업
310210,자연과학 및 공학 연구개발업
377460,개인 및 가정용품 수리업
148780,소프트웨어 개발 및 공급업
382900,"전동기, 발전기 및 전기 변환 · 공급 · 제어 장치 제조업"
176590,기타 금속 가공제품 제조업
362320,생활용품 도매업
357430,부동산 임대 및 공급업
399720,반도체 제조업
389260,건물 건설업
389140,"영화, 비디오물, 방송프로그램 제작 및 배급업"
388050,"전동기, 발전기 및 전기 변환 · 공급 · 제어 장치 제조업"
413630,플라스틱제품 제조업
417310,부동산 임대 및 공급업
396300,기타 금속 가공제품 제조업
366030,의복 액세서리 제조업
388720,특수 목적용 기계 제조업
288980,소프트웨어 개발 및 공급업
408920,기타 사업지원 서비스업
376930,의료용 기기 제조업
146320,반도체 제조업
371950,전자부품 제조업
330730,기타 금융업
365900,운동 및 경기용구 제조업
370090,"측정, 시험, 항해, 제어 및 기타 정밀기기 제조업; 광학기기 제외"
251120,기초 의약물질 제조업
211050,보험 및 연금관련 서비스업
137080,특수 목적용 기계 제조업
136410,플라스틱제품 제조업
276040,소프트웨어 개발 및 공급업
377330,"전동기, 발전기 및 전기 변환 · 공급 · 제어 장치 제조업"
373220,일차전지 및 이차전지 제조업
179530,의약품 제조업
102370,상품 중개업
169670,특수 목적용 기계 제조업
353590,자동차 부품 및 내장품 판매업
200350,"영화, 비디오물, 방송프로그램 제작 및 배급업"
403360,소프트웨어 개발 및 공급업
254160,제재 및 목재 가공업
404990,부동산 임대 및 공급업
199800,자연과학 및 공학 연구개발업
396690,부동산 임대 및 공급업
402420,의료용 기기 제조업
402340,기타 금융업
377480,소프트웨어 개발 및 공급업
361570,오디오물 출판 및 원판 녹음업
400760,부동산 임대 및 공급업
222160,특수 목적용 기계 제조업
290090,소프트웨어 개발 및 공급업
372800,소프트웨어 개발 및 공급업
311320,전자부품 제조업
357880,소프트웨어 개발 및 공급업
376300,소프트웨어 개발 및 공급업
389030,자연과학 및 공학 연구개발업
377300,금융 지원 서비스업
376180,그외 기타 제품 제조업
348370,기초 화학물질 제조업
377450,기타 정보 서비스업
382800,특수 목적용 기계 제조업
114840,기타 화학제품 제조업
261780,자연과학 및 공학 연구개발업
382480,특수 목적용 기계 제조업
391710,특수 목적용 기계 제조업
381970,자동차 판매업
376290,전자부품 제조업
159010,일반 목적용 기계 제조업
382840,특수 목적용 기계 제조업
257720,상품 종합 도매업
260970,기타 식품 제조업
377220,기타 식품 제조업
099430,기초 의약물질 제조업
329180,선박 및 보트 건조업
395400,부동산 임대 및 공급업
273640,"전동기, 발전기 및 전기 변환 · 공급 · 제어 장치 제조업"
203400,자연과학 및 공학 연구개발업
388790,통신 및 방송 장비 제조업
271940,그외 기타 운송장비 제조업
377190,부동산 임대 및 공급업
308080,자연과학 및 공학 연구개발업
139990,1차 철강 제조업
089860,운송장비 임대업
099390,소프트웨어 개발 및 공급업
315640,소프트웨어 개발 및 공급업
372910,의료용 기기 제조업
058970,소프트웨어 개발 및 공급업
367000,소프트웨어 개발 및 공급업
376980,소프트웨어 개발 및 공급업
259960,소프트웨어 개발 및 공급업
195940,의약품 제조업
178920,플라스틱제품 제조업
323410,은행 및 저축기관
270660,가정용 기기 제조업
377030,소프트웨어 개발 및 공급업
365270,자연과학 및 공학 연구개발업
137310,의료용 기기 제조업
352910,"컴퓨터 프로그래밍, 시스템 통합 및 관리업"
097520,영상 및 음향기기 제조업
357580,전자부품 제조업
318660,소프트웨어 개발 및 공급업
303530,소프트웨어 개발 및 공급업
232680,특수 목적용 기계 제조업
379390,"건축기술, 엔지니어링 및 관련 기술 서비스업"
187660,자연과학 및 공학 연구개발업
383310,기타 화학제품 제조업
383800,기타 금융업
363250,의료용 기기 제조업
276730,알코올음료 제조업
383220,봉제의복 제조업
361670,전자부품 제조업
252990,전자부품 제조업
352480,기타 화학제품 제조업
357230,기타 식품 제조업
361610,일차전지 및 이차전지 제조업
294570,기타 정보 서비스업
351330,"컴퓨터 프로그래밍, 시스템 통합 및 관리업"
059270,기타 금속 가공제품 제조업
333620,기타 전기장비 제조업
289220,"영화, 비디오물, 방송프로그램 제작 및 배급업"
361390,통신 및 방송 장비 제조업
347700,소프트웨어 개발 및 공급업
302440,기초 의약물질 제조업
314930,의료용 기기 제조업
950220,자연과학 및 공학 연구개발업
378850,자동차 신품 부품 제조업
356890,소프트웨어 개발 및 공급업
334970,의약품 제조업
247660,전자부품 제조업
338220,소프트웨어 개발 및 공급업
373200,그외 기타 제품 제조업
340930,특수 목적용 기계 제조업
189330,소프트웨어 개발 및 공급업
322310,특수 목적용 기계 제조업
239890,기초 화학물질 제조업
363260,광고업
262840,소프트웨어 개발 및 공급업
950210,자연과학 및 공학 연구개발업
277810,특수 목적용 기계 제조업
321820,소프트웨어 개발 및 공급업
248070,전자부품 제조업
163730,소프트웨어 개발 및 공급업
348030,소프트웨어 개발 및 공급업
352700,화학섬유 제조업
086710,기타 화학제품 제조업
375500,토목 건설업
236810,광고업
368770,"측정, 시험, 항해, 제어 및 기타 정밀기기 제조업; 광학기기 제외"
257990,기타 화학제품 제조업
253610,기타 전문 도매업
365550,부동산 임대 및 공급업
369370,창작 및 예술관련 서비스업
357550,기초 화학물질 제조업
314130,기초 의약물질 제조업
335810,의료용 기기 제조업
347860,소프트웨어 개발 및 공급업
365590,반도체 제조업
064850,기타 정보 서비스업
356860,전자부품 제조업
352940,"비료, 농약 및 살균, 살충제 제조업"
354200,"그외 기타 전문, 과학 및 기술 서비스업"
317690,의료용 기기 제조업
009900,자동차 신품 부품 제조업
352770,의료용품 및 기타 의약 관련제품 제조업
318020,컴퓨터 및 주변장치 제조업
129890,컴퓨터 및 주변장치 제조업
265740,기타 화학제품 제조업
199820,"전동기, 발전기 및 전기 변환 · 공급 · 제어 장치 제조업"
299030,특수 목적용 기계 제조업
244920,보험 및 연금관련 서비스업
340570,의료용품 및 기타 의약 관련제품 제조업
348150,자연과학 및 공학 연구개발업
330860,"그외 기타 전문, 과학 및 기술 서비스업"
339770,음·식료품 및 담배 도매업
290690,전구 및 조명장치 제조업
348350,"측정, 시험, 항해, 제어 및 기타 정밀기기 제조업; 광학기기 제외"
347000,"측정, 시험, 항해, 제어 및 기타 정밀기기 제조업; 광학기기 제외"
301300,소프트웨어 개발 및 공급업
122830,소프트웨어 개발 및 공급업
214610,의료용 기기 제조업
304840,의료용품 및 기타 의약 관련제품 제조업
352820,오디오물 출판 및 원판 녹음업
348210,특수 목적용 기계 제조업
053080,일반 목적용 기계 제조업
126340,일차전지 및 이차전지 제조업
359090,"그외 기타 전문, 과학 및 기술 서비스업"
323990,자연과학 및 공학 연구개발업
363280,기타 금융업
318410,기타 화학제품 제조업
355150,반도체 제조업
347770,전자부품 제조업
291650,자연과학 및 공학 연구개발업
294090,의료용 기기 제조업
293490,소프트웨어 개발 및 공급업
347740,"그외 기타 전문, 과학 및 기술 서비스업"
357120,부동산 임대 및 공급업
332370,컴퓨터 및 주변장치 제조업
331920,기초 의약물질 제조업
950190,소프트웨어 개발 및 공급업
337930,기타 정보 서비스업
060850,소프트웨어 개발 및 공급업
032300,의약품 제조업
348950,부동산 임대 및 공급업
357780,기타 화학제품 제조업
357250,부동산 임대 및 공급업
350520,부동산 임대 및 공급업
332570,전자부품 제조업
101360,기타 화학제품 제조업
347890,"측정, 시험, 항해, 제어 및 기타 정밀기기 제조업; 광학기기 제외"
298540,의복 액세서리 제조업
225220,기초 의약물질 제조업
304100,소프트웨어 개발 및 공급업
266470,자연과학 및 공학 연구개발업
277880,특수 목적용 기계 제조업
262260,기타 전기장비 제조업
334890,부동산 임대 및 공급업
950200,"그외 기타 전문, 과학 및 기술 서비스업"
290520,특수 목적용 기계 제조업
330350,의약품 제조업
326030,자연과학 및 공학 연구개발업
169330,시장조사 및 여론조사업
229000,의료용품 및 기타 의약 관련제품 제조업
322970,자연과학 및 공학 연구개발업
297890,특수 목적용 기계 제조업
351320,특수 목적용 기계 제조업
298060,의약품 제조업
353190,기타 식품 제조업
353810,동물용 사료 및 조제식품 제조업
223250,자연과학 및 공학 연구개발업
353200,전자부품 제조업
343090,의료용품 및 기타 의약 관련제품 제조업
198080,전자부품 제조업
237820,광고업
092190,반도체 제조업
204270,전자부품 제조업
274090,"항공기,우주선 및 부품 제조업"
294140,화학섬유 제조업
294630,기타 전기장비 제조업
065370,소프트웨어 개발 및 공급업
344820,유리 및 유리제품 제조업
340440,플라스틱제품 제조업
341310,기타 섬유제품 제조업
311690,자연과학 및 공학 연구개발업
238170,합성고무 및 플라스틱 물질 제조업
062970,통신 및 방송 장비 제조업
327260,전자부품 제조업
339950,일반 교습 학원
288330,기초 의약물질 제조업
340360,통신 및 방송 장비 제조업
235980,자연과학 및 공학 연구개발업
336570,의료용 기기 제조업
226330,소프트웨어 개발 및 공급업
322510,소프트웨어 개발 및 공급업
124560,기타 운송관련 서비스업
335870,"섬유, 의복, 신발 및 가죽제품 소매업"
317860,기타 화학제품 제조업
302550,의료용 기기 제조업
338100,부동산 임대 및 공급업
335890,의료용 기기 제조업
336040,의료용 기기 제조업
250030,기타 화학제품 제조업
336060,소프트웨어 개발 및 공급업
337840,의료용 기기 제조업
278650,자연과학 및 공학 연구개발업
308170,자동차 신품 부품 제조업
321550,자연과학 및 공학 연구개발업
297090,일반 목적용 기계 제조업
103840,"과실, 채소 가공 및 저장 처리업"
190650,금융 지원 서비스업
322000,반도체 제조업
306040,"가죽, 가방 및 유사제품 제조업"
216080,의료용품 및 기타 의약 관련제품 제조업
272210,전자부품 제조업
214260,기타 화학제품 제조업
084850,전자부품 제조업
333430,선박 및 보트 건조업
317400,부동산 임대 및 공급업
279600,소프트웨어 개발 및 공급업
322180,소프트웨어 개발 및 공급업
333050,소프트웨어 개발 및 공급업
330590,부동산 임대 및 공급업
013890,가구 제조업
331520,소프트웨어 개발 및 공급업
317530,"영화, 비디오물, 방송프로그램 제작 및 배급업"
331660,기타 화학제품 제조업
272110,반도체 제조업
317870,그외 기타 제품 제조업
318010,기타 식품 제조업
336260,"전동기, 발전기 및 전기 변환 · 공급 · 제어 장치 제조업"
300120,소프트웨어 개발 및 공급업
336370,전자부품 제조업
036420,"영화, 비디오물, 방송프로그램 제작 및 배급업"
158430,소프트웨어 개발 및 공급업
234690,의약품 제조업
332290,"비료, 농약 및 살균, 살충제 제조업"
331380,영상 및 음향기기 제조업
093510,자동차 신품 부품 제조업
244460,기초 의약물질 제조업
317120,반도체 제조업
320000,특수 목적용 기계 제조업
256150,일반 목적용 기계 제조업
149300,자연과학 및 공학 연구개발업
311390,기타 식품 제조업
195500,"도축, 육류 가공 및 저장 처리업"
328380,"컴퓨터 프로그래밍, 시스템 통합 및 관리업"
286750,기초 화학물질 제조업
317830,특수 목적용 기계 제조업
228670,의료용 기기 제조업
186230,1차 비철금속 제조업
282880,특수 목적용 기계 제조업
317330,기타 화학제품 제조업
318000,합성고무 및 플라스틱 물질 제조업
317770,전자부품 제조업
148150,전자부품 제조업
313760,"전동기, 발전기 및 전기 변환 · 공급 · 제어 장치 제조업"
317850,특수 목적용 기계 제조업
241840,"영화, 비디오물, 방송프로그램 제작 및 배급업"
300080,"자료처리, 호스팅, 포털 및 기타 인터넷 정보매개 서비스업"
234340,기타 정보 서비스업
289010,"서적, 잡지 및 기타 인쇄물 출판업"
327610,의료용 기기 제조업
251970,플라스틱제품 제조업
312610,일차전지 및 이차전지 제조업
323280,특수 목적용 기계 제조업
293780,자연과학 및 공학 연구개발업
308100,"섬유, 의복, 신발 및 가죽제품 소매업"
305090,의료용 기기 제조업
322780,"영화, 비디오물, 방송프로그램 제작 및 배급업"
321260,반도체 제조업
003670,일차전지 및 이차전지 제조업
253840,의료용품 및 기타 의약 관련제품 제조업
307930,기타 금융업
319660,특수 목적용 기계 제조업
319400,일반 목적용 기계 제조업
317240,기타 화학제품 제조업
279060,"측정, 시험, 항해, 제어 및 기타 정밀기기 제조업; 광학기기 제외"
125210,전자부품 제조업
307950,소프트웨어 개발 및 공급업
228760,자연과학 및 공학 연구개발업
099750,소프트웨어 개발 및 공급업
100790,기타 금융업
192650,전자부품 제조업
192080,소프트웨어 개발 및 공급업
247540,일차전지 및 이차전지 제조업
299660,자연과학 및 공학 연구개발업
316140,기타 금융업
278280,기초 화학물질 제조업
246960,의료용품 및 기타 의약 관련제품 제조업
104620,여행사 및 기타 여행보조 서비스업
053580,소프트웨어 개발 및 공급업
311060,특수 목적용 기계 제조업
298690,항공 여객 운송업
238200,기타 식품 제조업
263050,기초 의약물질 제조업
290550,전자부품 제조업
307180,전구 및 조명장치 제조업
310200,"영화, 비디오물, 방송프로그램 제작 및 배급업"
308700,전구 및 조명장치 제조업
310870,자동차 신품 부품 제조업
299900,"영화, 비디오물, 방송프로그램 제작 및 배급업"
309930,기타 생활용품 소매업
307750,의약품 제조업
298380,기초 의약물질 제조업
100590,통신 및 방송 장비 제조업
110020,기타 화학제품 제조업
270870,기타 식품 제조업
307870,소프트웨어 개발 및 공급업
302430,특수 목적용 기계 제조업
290120,자동차 신품 부품 제조업
128540,자동차 신품 부품 제조업
307280,의료용품 및 기타 의약 관련제품 제조업
900340,기타 금융업
111710,스포츠 서비스업
179290,의료용 기기 제조업
117730,특수 목적용 기계 제조업
290660,의료용 기기 제조업
207490,전구 및 조명장치 제조업
246710,기초 의약물질 제조업
288490,소프트웨어 개발 및 공급업
267850,"컴퓨터 프로그래밍, 시스템 통합 및 관리업"
263690,의료용 기기 제조업
217330,자연과학 및 공학 연구개발업
027360,기타 금융업
208340,의약품 제조업
263020,플라스틱제품 제조업
227100,부동산 관련 서비스업
194700,기타 식품 제조업
290670,기타 전기장비 제조업
285490,그외 기타 제품 제조업
290650,의약품 제조업
306620,특수 목적용 기계 제조업
108490,특수 목적용 기계 제조업
153710,의료용품 및 기타 의약 관련제품 제조업
288620,"전동기, 발전기 및 전기 변환 · 공급 · 제어 장치 제조업"
306200,1차 철강 제조업
293580,기타 금융업
290720,무점포 소매업
293480,의약품 제조업
110790,봉제의복 제조업
299170,생활용품 도매업
219750,의료용 기기 제조업
010400,건물설비 설치 공사업
291230,기타 사업지원 서비스업
257370,특수 목적용 기계 제조업
140610,자연과학 및 공학 연구개발업
197140,소프트웨어 개발 및 공급업
303030,반도체 제조업
290740,전자부품 제조업
173130,"컴퓨터 프로그래밍, 시스템 통합 및 관리업"
089970,특수 목적용 기계 제조업
086820,기초 의약물질 제조업
302920,"영화, 비디오물, 방송프로그램 제작 및 배급업"
293940,부동산 임대 및 공급업
110990,특수 목적용 기계 제조업
275630,소프트웨어 개발 및 공급업
300720,"시멘트, 석회, 플라스터 및 그 제품 제조업"
290270,소프트웨어 개발 및 공급업
091810,항공 여객 운송업
286940,"컴퓨터 프로그래밍, 시스템 통합 및 관리업"
080720,의약품 제조업
204020,봉제의복 제조업
297570,통신 및 방송 장비 제조업
226950,자연과학 및 공학 연구개발업
298050,화학섬유 제조업
258050,기타 금속 가공제품 제조업
298040,"전동기, 발전기 및 전기 변환 · 공급 · 제어 장치 제조업"
298020,화학섬유 제조업
298000,기초 화학물질 제조업
175250,의약품 제조업
289080,기타 금융업
276240,영상 및 음향기기 제조업
299480,기타 섬유제품 제조업
088260,부동산 임대 및 공급업
245620,자연과학 및 공학 연구개발업
294870,건물 건설업
284620,자연과학 및 공학 연구개발업
037030,"전동기, 발전기 및 전기 변환 · 공급 · 제어 장치 제조업"
016790,동물용 사료 및 조제식품 제조업
258830,의료용 기기 제조업
122310,의료용 기기 제조업
217910,기초 화학물질 제조업
950170,종합 소매업
253590,특수 목적용 기계 제조업
263700,광고업
018250,기타 화학제품 제조업
277070,신탁업 및 집합투자업
226400,의료용 기기 제조업
183490,기초 의약물질 제조업
006620,의약품 제조업
154030,작물 재배업
260660,의료용품 및 기타 의약 관련제품 제조업
068270,기초 의약물질 제조업
042000,"자료처리, 호스팅, 포털 및 기타 인터넷 정보매개 서비스업"
219420,소프트웨어 개발 및 공급업
267790,봉제의복 제조업
255220,기타 비금속 광물제품 제조업
264660,특수 목적용 기계 제조업
284740,개인 및 가정용품 임대업
285130,합성고무 및 플라스틱 물질 제조업
269620,"측정, 시험, 항해, 제어 및 기타 정밀기기 제조업; 광학기기 제외"
187870,특수 목적용 기계 제조업
236030,"곡물가공품, 전분 및 전분제품 제조업"
281740,기타 화학제품 제조업
282330,종합 소매업
092780,자동차용 엔진 및 자동차 제조업
272450,항공 여객 운송업
260930,기타 화학제품 제조업
241770,반도체 제조업
234300,"컴퓨터 프로그래밍, 시스템 통합 및 관리업"
281820,"측정, 시험, 항해, 제어 및 기타 정밀기기 제조업; 광학기기 제외"
066360,"도축, 육류 가공 및 저장 처리업"
007680,건물 건설업
272550,플라스틱제품 제조업
253450,"영화, 비디오물, 방송프로그램 제작 및 배급업"
950160,기초 의약물질 제조업
278990,"전동기, 발전기 및 전기 변환 · 공급 · 제어 장치 제조업"
055490,플라스틱제품 제조업
280360,기타 식품 제조업
180060,기타 전기장비 제조업
265560,자동차 신품 부품 제조업
234100,자동차 신품 부품 제조업
263810,전자부품 제조업
255440,특수 목적용 기계 제조업
277410,기타 식품 제조업
263920,그외 기타 제품 제조업
243840,일차전지 및 이차전지 제조업
179900,전자부품 제조업
171090,특수 목적용 기계 제조업
259630,특수 목적용 기계 제조업
174900,의료용품 및 기타 의약 관련제품 제조업
263750,소프트웨어 개발 및 공급업
256940,의약품 제조업
260870,"전동기, 발전기 및 전기 변환 · 공급 · 제어 장치 제조업"
263600,전자부품 제조업
270520,"건축기술, 엔지니어링 및 관련 기술 서비스업"
258610,"구조용 금속제품, 탱크 및 증기발생기 제조업"
140670,전자부품 제조업
900310,기타 금융업
273060,광고업
118990,자동차 신품 부품 제조업
263800,기계장비 및 관련 물품 도매업
263860,소프트웨어 개발 및 공급업
263720,"서적, 잡지 및 기타 인쇄물 출판업"
162120,기타 전기장비 제조업
238490,특수 목적용 기계 제조업
271980,의약품 제조업
251630,특수 목적용 기계 제조업
227610,기타 화학제품 제조업
272290,전자부품 제조업
035720,"자료처리, 호스팅, 포털 및 기타 인터넷 정보매개 서비스업"
271560,기타 식품 제조업
003380,기타 금융업
261200,의료용 기기 제조업
233250,의료용품 및 기타 의약 관련제품 제조업
267320,특수 목적용 기계 제조업
270210,기타 화학제품 제조업
266170,"영화, 비디오물, 방송프로그램 제작 및 배급업"
250000,음·식료품 및 담배 도매업
267980,동·식물성 유지 및 낙농제품 제조업
225190,사진장비 및 광학기기 제조업
264850,전자부품 제조업
161580,특수 목적용 기계 제조업
268280,기초 화학물질 제조업
267290,연료용 가스 제조 및 배관공급업
251270,소프트웨어 개발 및 공급업
267250,기타 금융업
267270,일반 목적용 기계 제조업
267260,"전동기, 발전기 및 전기 변환 · 공급 · 제어 장치 제조업"
256630,기타 금속 가공제품 제조업
166090,반도체 제조업
258790,소프트웨어 개발 및 공급업
251370,기초 화학물질 제조업
266870,기타 화학제품 제조업
264900,"떡, 빵 및 과자류 제조업"
265520,특수 목적용 기계 제조업
263770,1차 철강 제조업
063760,"측정, 시험, 항해, 제어 및 기타 정밀기기 제조업; 광학기기 제외"
264450,통신 및 방송 장비 제조업
178320,기타 전기장비 제조업
183300,특수 목적용 기계 제조업
246720,의료용품 및 기타 의약 관련제품 제조업
145720,의료용 기기 제조업
217480,기타 화학제품 제조업
002800,의약품 제조업
083500,특수 목적용 기계 제조업
087260,소프트웨어 개발 및 공급업
241820,의료용품 및 기타 의약 관련제품 제조업
111110,봉제의복 제조업
140070,기계장비 및 관련 물품 도매업
206650,의약품 제조업
227420,직물직조 및 직물제품 제조업
256840,기초 의약물질 제조업
241520,신탁업 및 집합투자업
246690,신탁업 및 집합투자업
147760,"측정, 시험, 항해, 제어 및 기타 정밀기기 제조업; 광학기기 제외"
199290,의료용 기기 제조업
196300,기초 의약물질 제조업
203450,통신 및 방송 장비 제조업
215600,자연과학 및 공학 연구개발업
254120,특수 목적용 기계 제조업
143210,자동차 신품 부품 제조업
241790,특수 목적용 기계 제조업
220100,의약품 제조업
144960,특수 목적용 기계 제조업
156100,의료용 기기 제조업
220180,소프트웨어 개발 및 공급업
241560,특수 목적용 기계 제조업
207940,기초 의약물질 제조업
237880,기타 화학제품 제조업
900300,기타 금융업
238120,사진장비 및 광학기기 제조업
252500,기타 화학제품 제조업
243870,"컴퓨터 프로그래밍, 시스템 통합 및 관리업"
216050,광고업
239610,기타 식품 제조업
241710,기타 화학제품 제조업
234080,의약품 제조업
900290,기타 금융업
251280,자연과학 및 공학 연구개발업
189300,통신 및 방송 장비 제조업
072990,기타 과학기술 서비스업
950140,기타 화학제품 제조업
238090,플라스틱제품 제조업
050960,소프트웨어 개발 및 공급업
201490,소프트웨어 개발 및 공급업
241590,신발 및 신발 부분품 제조업
250930,플라스틱제품 제조업
229640,기타 금융업
204210,부동산 임대 및 공급업
241690,자동차 신품 부품 제조업
250060,"컴퓨터 프로그래밍, 시스템 통합 및 관리업"
242040,소프트웨어 개발 및 공급업
234920,가정용 기기 제조업
249420,의약품 제조업
900270,기타 금융업
248170,기타 식품 제조업
230360,광고업
191600,전자부품 제조업
016740,자동차 신품 부품 제조업
208860,소프트웨어 개발 및 공급업
073560,"도축, 육류 가공 및 저장 처리업"
212310,의료용 기기 제조업
123010,전자부품 제조업
066830,기타 화학제품 제조업
026960,음·식료품 및 담배 도매업
174880,통신 및 방송 장비 제조업
123890,신탁업 및 집합투자업
034830,신탁업 및 집합투자업
142760,자연과학 및 공학 연구개발업
237750,"전동기, 발전기 및 전기 변환 · 공급 · 제어 장치 제조업"
900260,기타 금융업
245450,통신 및 방송 장비 제조업
195870,전자부품 제조업
237690,의약품 제조업
144510,"그외 기타 전문, 과학 및 기술 서비스업"
148250,전자부품 제조업
208850,기타 전기장비 제조업
239340,"자료처리, 호스팅, 포털 및 기타 인터넷 정보매개 서비스업"
243070,의약품 제조업
244880,의료용 기기 제조업
112190,"시멘트, 석회, 플라스터 및 그 제품 제조업"
070960,일반 및 생활 숙박시설 운영업
101530,기타 식품 제조업
240810,특수 목적용 기계 제조업
238500,"그외 기타 전문, 과학 및 기술 서비스업"
228850,의료용 기기 제조업
228340,"시멘트, 석회, 플라스터 및 그 제품 제조업"
004440,"시멘트, 석회, 플라스터 및 그 제품 제조업"
222110,의약품 제조업
211270,통신 및 방송 장비 제조업
230980,소프트웨어 개발 및 공급업
115180,자연과학 및 공학 연구개발업
065660,기타 전문 도매업
236200,통신 및 방송 장비 제조업
194370,"가죽, 가방 및 유사제품 제조업"
142210,자동차 부품 및 내장품 판매업
900250,기타 금융업
236340,자연과학 및 공학 연구개발업
206950,운동 및 경기용구 제조업
232530,일차전지 및 이차전지 제조업
224060,특수 목적용 기계 제조업
109610,"구조용 금속제품, 탱크 및 증기발생기 제조업"
233990,기타 화학제품 제조업
226320,기타 화학제품 제조업
215570,자연과학 및 공학 연구개발업
223310,상품 종합 도매업
232140,특수 목적용 기계 제조업
191410,전자부품 제조업
145020,기초 의약물질 제조업
222980,기타 식품 제조업
206560,"영화, 비디오물, 방송프로그램 제작 및 배급업"
013310,자동차 신품 부품 제조업
047920,자연과학 및 공학 연구개발업
217730,기초 의약물질 제조업
234070,산업용 기계 및 장비 임대업
133750,일반 교습 학원
225530,기타 비금속 광물제품 제조업
140860,"측정, 시험, 항해, 제어 및 기타 정밀기기 제조업; 광학기기 제외"
230240,통신 및 방송 장비 제조업
122640,특수 목적용 기계 제조업
222040,기타 식품 제조업
058110,의료용 기기 제조업
217820,특수 목적용 기계 제조업
075580,선박 및 보트 건조업
221840,"항공기,우주선 및 부품 제조업"
180400,기타 과학기술 서비스업
221980,기타 화학제품 제조업
212560,자동차 신품 부품 제조업
227950,특수 목적용 기계 제조업
214370,기초 의약물질 제조업
185490,자연과학 및 공학 연구개발업
190510,전자부품 제조업
056090,의료용 기기 제조업
214330,자동차 신품 부품 제조업
089590,항공 여객 운송업
226340,기타 화학제품 제조업
217950,의약품 제조업
092590,반도체 제조업
229500,자연과학 및 공학 연구개발업
182400,기초 의약물질 제조업
227840,음·식료품 및 담배 도매업
226360,토목 건설업
092870,특수 목적용 기계 제조업
224810,실내건축 및 건축마무리 공사업
200580,의료용 기기 제조업
225430,기타 화학제품 제조업
225590,봉제의복 제조업
079550,무기 및 총포탄 제조업
225570,소프트웨어 개발 및 공급업
217190,특수 목적용 기계 제조업
219130,전자부품 제조업
039570,전기 및 통신 공사업
002690,1차 철강 제조업
175140,통신 및 방송 장비 제조업
222080,특수 목적용 기계 제조업
224110,통신 및 방송 장비 제조업
196700,합성고무 및 플라스틱 물질 제조업
095570,산업용 기계 및 장비 임대업
131760,특수 목적용 기계 제조업
222810,1차 철강 제조업
222800,전자부품 제조업
189980,비알코올음료 및 얼음 제조업
222420,기타 비금속 광물제품 제조업
094360,반도체 제조업
127710,"자료처리, 호스팅, 포털 및 기타 인터넷 정보매개 서비스업"
224760,토목 건설업
214430,전자부품 제조업
067730,"컴퓨터 프로그래밍, 시스템 통합 및 관리업"
222670,자연과학 및 공학 연구개발업
220260,기타 화학제품 제조업
214450,의료용품 및 기타 의약 관련제품 제조업
219550,생활용품 도매업
087010,기초 의약물질 제조업
214320,광고업
214420,기타 화학제품 제조업
086220,기타 식품 제조업
223220,기타 운송관련 서비스업
085620,보험업
218410,통신 및 방송 장비 제조업
094170,반도체 제조업
178780,상품 종합 도매업
214180,기타 정보 서비스업
214390,기초 의약물질 제조업
216400,자연과학 및 공학 연구개발업
166480,의약품 제조업
210980,부동산 임대 및 공급업
103660,기타 화학제품 제조업
177350,특수 목적용 기계 제조업
217270,소프트웨어 개발 및 공급업
218150,동물용 사료 및 조제식품 제조업
160980,특수 목적용 기계 제조업
217500,특수 목적용 기계 제조업
087600,전자부품 제조업
217620,음식점업
187420,기초 의약물질 제조업
217880,소프트웨어 개발 및 공급업
215380,자연과학 및 공학 연구개발업
076340,기반조성 및 시설물 축조관련 전문공사업
215480,"섬유, 의복, 신발 및 가죽제품 소매업"
215790,통신 및 방송 장비 제조업
215360,자동차 신품 부품 제조업
215200,일반 교습 학원
217320,"전동기, 발전기 및 전기 변환 · 공급 · 제어 장치 제조업"
215090,"측정, 시험, 항해, 제어 및 기타 정밀기기 제조업; 광학기기 제외"
215100,기타 전기장비 제조업
214680,의료용 기기 제조업
195990,특수 목적용 기계 제조업
215000,소프트웨어 개발 및 공급업
214150,의료용 기기 제조업
214270,소프트웨어 개발 및 공급업
145210,특수 목적용 기계 제조업
189690,소프트웨어 개발 및 공급업
213420,전자부품 제조업
213500,"펄프, 종이 및 판지 제조업"
210540,특수 목적용 기계 제조업
060480,1차 비철금속 제조업
193250,전자부품 제조업
206640,의료용품 및 기타 의약 관련제품 제조업
204630,창작 및 예술관련 서비스업
208640,소프트웨어 개발 및 공급업
200470,반도체 제조업
200670,의약품 제조업
189860,"전동기, 발전기 및 전기 변환 · 공급 · 제어 장치 제조업"
067390,"항공기,우주선 및 부품 제조업"
080580,전자부품 제조업
208350,소프트웨어 개발 및 공급업
208710,전자부품 제조업
160550,"영화, 비디오물, 방송프로그램 제작 및 배급업"
124500,"컴퓨터 프로그래밍, 시스템 통합 및 관리업"
208890,교육지원 서비스업
028260,기타 전문 도매업
142280,의료용품 및 기타 의약 관련제품 제조업
187220,기타 과학기술 서비스업
208370,의료용 기기 제조업
208140,"도축, 육류 가공 및 저장 처리업"
149980,의료용 기기 제조업
084650,자연과학 및 공학 연구개발업
200710,반도체 제조업
200780,의약품 제조업
207760,기타 정보 서비스업
196170,자연과학 및 공학 연구개발업
206400,실내건축 및 건축마무리 공사업
140520,1차 철강 제조업
173940,창작 및 예술관련 서비스업
205470,의료용품 및 기타 의약 관련제품 제조업
112610,"구조용 금속제품, 탱크 및 증기발생기 제조업"
200230,의약품 제조업
204840,생활용품 도매업
204620,금융 지원 서비스업
196490,특수 목적용 기계 제조업
018260,"컴퓨터 프로그래밍, 시스템 통합 및 관리업"
149010,반도체 제조업
205500,소프트웨어 개발 및 공급업
205100,소프트웨어 개발 및 공급업
191420,기초 의약물질 제조업
192440,그외 기타 제품 제조업
143540,특수 목적용 기계 제조업
121060,"컴퓨터 프로그래밍, 시스템 통합 및 관리업"
203650,소프트웨어 개발 및 공급업
041920,의료용 기기 제조업
204320,자동차 신품 부품 제조업
194480,소프트웨어 개발 및 공급업
203690,"펄프, 종이 및 판지 제조업"
192410,통신 및 방송 장비 제조업
198440,"시멘트, 석회, 플라스터 및 그 제품 제조업"
202960,소프트웨어 개발 및 공급업
200880,자동차 신품 부품 제조업
187270,"전동기, 발전기 및 전기 변환 · 공급 · 제어 장치 제조업"
192400,기타 금융업
177830,전자부품 제조업
090410,"구조용 금속제품, 탱크 및 증기발생기 제조업"
004650,알코올음료 제조업
192390,"구조용 금속제품, 탱크 및 증기발생기 제조업"
059120,반도체 제조업
200130,기초 의약물질 제조업
133820,1차 철강 제조업
105550,전자부품 제조업
136660,특수 목적용 기계 제조업
199150,소프트웨어 개발 및 공급업
196450,사진장비 및 광학기기 제조업
071850,자동차 신품 부품 제조업
027410,기타 금융업
187790,기초 화학물질 제조업
192250,소프트웨어 개발 및 공급업
192820,기타 화학제품 제조업
138080,통신 및 방송 장비 제조업
053300,소프트웨어 개발 및 공급업
154040,전자부품 제조업
090850,소프트웨어 개발 및 공급업
140660,통신 및 방송 장비 제조업
189350,통신 및 방송 장비 제조업
184230,소프트웨어 개발 및 공급업
178600,기타 식품 제조업
049080,전자부품 제조업
150840,의료용 기기 제조업
085810,소프트웨어 개발 및 공급업
185750,의약품 제조업
170030,자동차 신품 부품 제조업
067570,자동차 신품 부품 제조업
134580,"자료처리, 호스팅, 포털 및 기타 인터넷 정보매개 서비스업"
006880,산업용 농·축산물 및 동·식물 도매업
182360,오디오물 출판 및 원판 녹음업
171120,기타 화학제품 제조업
171010,기초 화학물질 제조업
138360,특수 목적용 기계 제조업
183190,"시멘트, 석회, 플라스터 및 그 제품 제조업"
076610,사진장비 및 광학기기 제조업
168330,자연과학 및 공학 연구개발업
064350,철도장비 제조업
185190,산업용 농·축산물 및 동·식물 도매업
131970,"그외 기타 전문, 과학 및 기술 서비스업"
150900,소프트웨어 개발 및 공급업
170920,기초 화학물질 제조업
119850,"전동기, 발전기 및 전기 변환 · 공급 · 제어 장치 제조업"
180640,기타 금융업
092040,기타 식품 제조업
181710,소프트웨어 개발 및 공급업
130500,기타 섬유제품 제조업
170790,통신 및 방송 장비 제조업
151860,자동차 차체나 트레일러 제조업
175330,기타 금융업
089600,광고업
114920,1차 철강 제조업
179720,기타 금융업
116100,자동차 신품 부품 제조업
950130,의료용품 및 기타 의약 관련제품 제조업
155660,1차 비철금속 제조업
141080,자연과학 및 공학 연구개발업
170900,의약품 제조업
097800,반도체 제조업
104540,의료용 기기 제조업
159580,생활용품 도매업
114810,특수 목적용 기계 제조업
153490,반도체 제조업
099190,의료용 기기 제조업
159910,기타 화학제품 제조업
046970,기타 전문 도매업
113810,자동차 신품 부품 제조업
013870,자동차 신품 부품 제조업
155650,전자부품 제조업
037560,텔레비전 방송업
149950,전자부품 제조업
163560,고무제품 제조업
161890,기타 화학제품 제조업
161390,고무제품 제조업
121850,플라스틱제품 제조업
161000,기초 화학물질 제조업
153460,소프트웨어 개발 및 공급업
106520,사진장비 및 광학기기 제조업
137400,특수 목적용 기계 제조업
014710,수산물 가공 및 저장 처리업
141000,특수 목적용 기계 제조업
072950,전자부품 제조업
152550,신탁업 및 집합투자업
079980,화학섬유 제조업
143240,"자료처리, 호스팅, 포털 및 기타 인터넷 정보매개 서비스업"
147830,"구조용 금속제품, 탱크 및 증기발생기 제조업"
091590,건물 건설업
145270,부동산 임대 및 공급업
140410,자연과학 및 공학 연구개발업
104830,기초 화학물질 제조업
127120,자연과학 및 공학 연구개발업
007070,종합 소매업
130580,기타 사업지원 서비스업
131090,소프트웨어 개발 및 공급업
100660,일반 목적용 기계 제조업
129260,도로 화물 운송업
115480,의료용 기기 제조업
145990,기타 식품 제조업
139670,소프트웨어 개발 및 공급업
121800,통신 및 방송 장비 제조업
138070,기타 금속 가공제품 제조업
123570,광고업
122870,오디오물 출판 및 원판 녹음업
089030,특수 목적용 기계 제조업
101240,기초 화학물질 제조업
007820,일반 목적용 기계 제조업
115530,전자부품 제조업
039130,여행사 및 기타 여행보조 서비스업
090360,특수 목적용 기계 제조업
131220,기계장비 및 관련 물품 도매업
143160,통신 및 방송 장비 제조업
078520,기타 화학제품 제조업
137950,기타 화학제품 제조업
040910,특수 목적용 기계 제조업
123330,기타 화학제품 제조업
139050,"컴퓨터 프로그래밍, 시스템 통합 및 관리업"
023000,자동차 신품 부품 제조업
089980,플라스틱제품 제조업
031430,"섬유, 의복, 신발 및 가죽제품 소매업"
140910,부동산 임대 및 공급업
138610,의료용품 및 기타 의약 관련제품 제조업
109080,통신 및 방송 장비 제조업
108380,선박 및 보트 건조업
047810,"항공기,우주선 및 부품 제조업"
071840,가전제품 및 정보통신장비 소매업
019770,특수 목적용 기계 제조업
069640,"섬유, 의복, 신발 및 가죽제품 소매업"
138490,합성고무 및 플라스틱 물질 제조업
137940,"측정, 시험, 항해, 제어 및 기타 정밀기기 제조업; 광학기기 제외"
131100,"영화, 비디오물, 방송프로그램 제작 및 배급업"
139480,종합 소매업
139130,기타 금융업
053210,텔레비전 방송업
019440,1차 철강 제조업
122450,텔레비전 방송업
121440,상품 중개업
138040,기타 금융업
136540,"컴퓨터 프로그래밍, 시스템 통합 및 관리업"
136480,"도축, 육류 가공 및 저장 처리업"
023350,"건축기술, 엔지니어링 및 관련 기술 서비스업"
134060,"서적, 잡지 및 기타 인쇄물 출판업"
104480,화학섬유 제조업
138930,기타 금융업
020150,전자부품 제조업
008470,"구조용 금속제품, 탱크 및 증기발생기 제조업"
011210,자동차 신품 부품 제조업
136490,동물용 사료 및 조제식품 제조업
134380,기타 화학제품 제조업
121600,기타 화학제품 제조업
093320,"자료처리, 호스팅, 포털 및 기타 인터넷 정보매개 서비스업"
130740,자동차 신품 부품 제조업
061970,반도체 제조업
131180,컴퓨터 및 주변장치 제조업
126880,일반 목적용 기계 제조업
033560,영상 및 음향기기 제조업
048530,기초 의약물질 제조업
134790,가구 제조업
131370,소프트웨어 개발 및 공급업
064290,특수 목적용 기계 제조업
131290,"측정, 시험, 항해, 제어 및 기타 정밀기기 제조업; 광학기기 제외"
082740,일반 목적용 기계 제조업
131400,전자부품 제조업
117580,연료용 가스 제조 및 배관공급업
126560,전기 통신업
120240,기초 화학물질 제조업
058860,기타 정보 서비스업
130660,"건축기술, 엔지니어링 및 관련 기술 서비스업"
128660,1차 비철금속 제조업
131030,의약품 제조업
096690,컴퓨터 및 주변장치 제조업
900140,자동차 판매업
033830,텔레비전 방송업
033170,반도체 제조업
041460,소프트웨어 개발 및 공급업
126600,합성고무 및 플라스틱 물질 제조업
105740,일반 목적용 기계 제조업
123420,소프트웨어 개발 및 공급업
111870,영상 및 음향기기 제조업
123860,반도체 제조업
058400,텔레비전 방송업
069140,"구조용 금속제품, 탱크 및 증기발생기 제조업"
119830,"그외 기타 전문, 과학 및 기술 서비스업"
101930,선박 및 보트 건조업
068940,전자부품 제조업
123840,기타 식품 제조업
081660,생활용품 도매업
117670,반도체 제조업
119500,기타 금속 가공제품 제조업
058850,기타 정보 서비스업
068240,"전동기, 발전기 및 전기 변환 · 공급 · 제어 장치 제조업"
057050,무점포 소매업
096530,의료용품 및 기타 의약 관련제품 제조업
122990,전자부품 제조업
126700,사진장비 및 광학기기 제조업
126640,자동차 신품 부품 제조업
123410,자동차 신품 부품 제조업
002150,"건축기술, 엔지니어링 및 관련 기술 서비스업"
123040,자동차 신품 부품 제조업
067920,기타 정보 서비스업
128820,연료 소매업
122900,상품 종합 도매업
128940,의약품 제조업
119610,의료용 기기 제조업
106190,기초 의약물질 제조업
105840,"측정, 시험, 항해, 제어 및 기타 정밀기기 제조업; 광학기기 제외"
033920,알코올음료 제조업
121890,전자부품 제조업
123750,그외 기타 운송장비 제조업
089850,소프트웨어 개발 및 공급업
046120,기타 과학기술 서비스업
102460,의약품 제조업
070300,소프트웨어 개발 및 공급업
079970,소프트웨어 개발 및 공급업
123690,생활용품 도매업
123700,자동차 신품 부품 제조업
071200,소프트웨어 개발 및 공급업
122690,자동차 신품 부품 제조업
100030,소프트웨어 개발 및 공급업
060980,기타 금융업
032830,보험업
031440,음식점업
900110,기타 금융업
900100,자동차 부품 및 내장품 판매업
115500,"컴퓨터 프로그래밍, 시스템 통합 및 관리업"
900120,기타 금융업
115450,기타 전문 도매업
122350,자동차 신품 부품 제조업
088350,보험업
115610,반도체 제조업
120030,기타 금속 가공제품 제조업
115310,전기 통신업
106080,전자부품 제조업
101330,통신 및 방송 장비 제조업
120110,화학섬유 제조업
119650,일반 목적용 기계 제조업
071320,"증기, 냉·온수 및 공기조절 공급업"
115570,플라스틱제품 제조업
115440,통신 및 방송 장비 제조업
050860,특수 목적용 기계 제조업
012160,1차 철강 제조업
114630,화학섬유 제조업
080530,기타 화학제품 제조업
118000,기계장비 및 관련 물품 도매업
900070,기타 금융업
099520,영상 및 음향기기 제조업
114450,기초 의약물질 제조업
104460,일반 목적용 기계 제조업
112040,소프트웨어 개발 및 공급업
052690,"건축기술, 엔지니어링 및 관련 기술 서비스업"
108860,소프트웨어 개발 및 공급업
088290,자동차 신품 부품 제조업
114190,기타 전기장비 제조업
114090,유원지 및 기타 오락관련 서비스업
115160,영상 및 음향기기 제조업
109960,기타 전문 도매업
034730,기타 금융업
099410,선박 및 보트 건조업
101000,특수 목적용 기계 제조업
109820,자연과학 및 공학 연구개발업
032560,1차 비철금속 제조업
082920,일차전지 및 이차전지 제조업
000080,알코올음료 제조업
042520,의료용품 및 기타 의약 관련제품 제조업
082640,보험업
104200,소프트웨어 개발 및 공급업
052860,반도체 제조업
047400,"내화, 비내화 요업제품 제조업"
105330,자동차 신품 부품 제조업
093240,봉제의복 제조업
109740,특수 목적용 기계 제조업
095700,자연과학 및 공학 연구개발업
108230,특수 목적용 기계 제조업
100130,"구조용 금속제품, 탱크 및 증기발생기 제조업"
103230,일반 목적용 기계 제조업
039490,금융 지원 서비스업
111770,상품 종합 도매업
063080,소프트웨어 개발 및 공급업
109860,금속 주조업
053690,"건축기술, 엔지니어링 및 관련 기술 서비스업"
028100,기반조성 및 시설물 축조관련 전문공사업
102120,반도체 제조업
101730,소프트웨어 개발 및 공급업
102710,기타 화학제품 제조업
099440,특수 목적용 기계 제조업
099220,기계장비 및 관련 물품 도매업
101680,특수 목적용 기계 제조업
071970,일반 목적용 기계 제조업
010240,특수 목적용 기계 제조업
101170,일반 목적용 기계 제조업
081150,1차 비철금속 제조업
108670,플라스틱제품 제조업
098660,봉제의복 제조업
071670,특수 목적용 기계 제조업
101490,전자부품 제조업
100120,의료용 기기 제조업
102940,기초 의약물질 제조업
101400,반도체 제조업
105630,봉제의복 제조업
109070,통신 및 방송 장비 제조업
106240,전구 및 조명장치 제조업
107590,기타 금융업
086890,의료용품 및 기타 의약 관련제품 제조업
104040,자동차 신품 부품 제조업
078070,기타 금융업
086900,기초 의약물질 제조업
058630,소프트웨어 개발 및 공급업
059100,전자부품 제조업
035420,"자료처리, 호스팅, 포털 및 기타 인터넷 정보매개 서비스업"
067630,의료용품 및 기타 의약 관련제품 제조업
092130,기타 정보 서비스업
026940,1차 철강 제조업
105560,기타 금융업
100700,의료용품 및 기타 의약 관련제품 제조업
104700,1차 철강 제조업
098120,전자부품 제조업
083470,기초 화학물질 제조업
103590,절연선 및 케이블 제조업
103140,1차 비철금속 제조업
011070,전자부품 제조업
101390,전자부품 제조업
076080,건물 건설업
101670,"구조용 금속제품, 탱크 및 증기발생기 제조업"
094840,통신 및 방송 장비 제조업
017180,의약품 제조업
063170,상품 중개업
047560,소프트웨어 개발 및 공급업
100220,"서적, 잡지 및 기타 인쇄물 출판업"
096240,일반 교습 학원
102260,합성고무 및 플라스틱 물질 제조업
101160,전자부품 제조업
099320,"항공기,우주선 및 부품 제조업"
064480,소프트웨어 개발 및 공급업
098460,특수 목적용 기계 제조업
067000,소프트웨어 개발 및 공급업
018620,의약품 제조업
095610,특수 목적용 기계 제조업
053280,무점포 소매업
096870,반도체 제조업
032640,전기 통신업
059210,의료용품 및 기타 의약 관련제품 제조업
097870,"비료, 농약 및 살균, 살충제 제조업"
101140,기계장비 및 관련 물품 도매업
020560,항공 여객 운송업
100840,일반 목적용 기계 제조업
100250,플라스틱제품 제조업
091440,통신 및 방송 장비 제조업
085310,"구조용 금속제품, 탱크 및 증기발생기 제조업"
097780,자동차 신품 부품 제조업
096630,통신 및 방송 장비 제조업
068330,일반 목적용 기계 제조업
093920,통신 및 방송 장비 제조업
067010,"컴퓨터 프로그래밍, 시스템 통합 및 관리업"
096350,"구조용 금속제품, 탱크 및 증기발생기 제조업"
051600,전기 및 통신 공사업
069920,무점포 소매업
096610,반도체 제조업
092070,기타 화학제품 제조업
094820,전기 및 통신 공사업
086670,일반 목적용 기계 제조업
092440,특수 목적용 기계 제조업
095190,기타 금속 가공제품 제조업
044450,해상 운송업
094280,기타 사업지원 서비스업
092300,전자부품 제조업
033270,의약품 제조업
093640,반도체 제조업
092200,자동차 신품 부품 제조업
095910,"전동기, 발전기 및 전기 변환 · 공급 · 제어 장치 제조업"
081580,통신 및 방송 장비 제조업
073110,전자부품 제조업
094970,전자부품 제조업
080520,반도체 제조업
095340,기계장비 및 관련 물품 도매업
085910,자동차 신품 부품 제조업
095500,플라스틱제품 제조업
027580,플라스틱제품 제조업
097950,기타 식품 제조업
086040,자연과학 및 공학 연구개발업
028670,해상 운송업
057540,"측정, 시험, 항해, 제어 및 기타 정밀기기 제조업; 광학기기 제외"
094940,컴퓨터 및 주변장치 제조업
095270,"측정, 시험, 항해, 제어 및 기타 정밀기기 제조업; 광학기기 제외"
097230,토목 건설업
093190,컴퓨터 및 주변장치 제조업
096760,기타 금융업
091340,전자부품 제조업
096770,석유 정제품 제조업
072770,"컴퓨터 프로그래밍, 시스템 통합 및 관리업"
094480,소프트웨어 개발 및 공급업
086520,기타 금융업
065150,음·식료품 및 담배 도매업
078340,소프트웨어 개발 및 공급업
095660,소프트웨어 개발 및 공급업
029780,기타 금융업
092600,반도체 제조업
069410,소프트웨어 개발 및 공급업
001780,1차 비철금속 제조업
093380,기타 금속 가공제품 제조업
095720,초등 교육기관
086450,의약품 제조업
064820,선박 및 보트 건조업
091580,일차전지 및 이차전지 제조업
092460,선박 및 보트 건조업
073540,통신 및 방송 장비 제조업
091120,전자부품 제조업
094850,여행사 및 기타 여행보조 서비스업
094860,소프트웨어 개발 및 공급업
094800,신탁업 및 집합투자업
078020,금융 지원 서비스업
093520,기계장비 및 관련 물품 도매업
091970,플라스틱제품 제조업
092730,기타 화학제품 제조업
039200,의약품 제조업
089010,기타 화학제품 제조업
090470,특수 목적용 기계 제조업
088130,특수 목적용 기계 제조업
090370,봉제의복 제조업
093370,기초 화학물질 제조업
084110,의약품 제조업
089150,"컴퓨터 프로그래밍, 시스템 통합 및 관리업"
091700,전자부품 제조업
086390,특수 목적용 기계 제조업
090710,특수 목적용 기계 제조업
093050,봉제의복 제조업
060540,"측정, 시험, 항해, 제어 및 기타 정밀기기 제조업; 광학기기 제외"
066310,반도체 제조업
067280,기타 교육기관
044380,컴퓨터 및 주변장치 제조업
044820,기타 금융업
089890,특수 목적용 기계 제조업
034590,연료용 가스 제조 및 배관공급업
080470,자동차 신품 부품 제조업
089140,특수 목적용 기계 제조업
089790,특수 목적용 기계 제조업
090150,자동차 신품 부품 제조업
088390,그외 기타 운송장비 제조업
009770,"펄프, 종이 및 판지 제조업"
092220,반도체 제조업
092230,기초 화학물질 제조업
089230,기타 정보 서비스업
043150,의료용 기기 제조업
086960,소프트웨어 개발 및 공급업
089470,기타 화학제품 제조업
038060,반도체 제조업
083660,기타 화학제품 제조업
063570,기타 사업지원 서비스업
086980,"영화, 비디오물, 방송프로그램 제작 및 배급업"
068050,"영화, 비디오물, 방송프로그램 제작 및 배급업"
039290,기타 정보 서비스업
090350,기타 화학제품 제조업
090430,기타 화학제품 제조업
078860,"영화, 비디오물, 방송프로그램 제작 및 배급업"
088910,"도축, 육류 가공 및 저장 처리업"
032350,여행사 및 기타 여행보조 서비스업
054950,일반 목적용 기계 제조업
090080,자동차 신품 부품 제조업
049800,특수 목적용 기계 제조업
084730,통신 및 방송 장비 제조업
035510,"컴퓨터 프로그래밍, 시스템 통합 및 관리업"
086060,산업용 농·축산물 및 동·식물 도매업
022220,플라스틱제품 제조업
088790,기타 전문 도매업
088800,통신 및 방송 장비 제조업
088980,신탁업 및 집합투자업
023530,종합 소매업
068760,의약품 제조업
083450,특수 목적용 기계 제조업
019990,일반 목적용 기계 제조업
079370,특수 목적용 기계 제조업
085670,전자부품 제조업
084370,특수 목적용 기계 제조업
083790,자연과학 및 공학 연구개발업
064550,의료용품 및 기타 의약 관련제품 제조업
084990,자연과학 및 공학 연구개발업
083640,상품 종합 도매업
085660,기초 의약물질 제조업
086280,기타 운송관련 서비스업
078140,의약품 제조업
067900,폐기물 처리업
083550,기타 섬유제품 제조업
084870,봉제의복 제조업
084180,일반 목적용 기계 제조업
086790,기타 금융업
001560,기타 비금속 광물제품 제조업
080420,"섬유, 의복, 신발 및 가죽제품 소매업"
083650,일반 목적용 기계 제조업
079190,통신 및 방송 장비 제조업
079430,가구 제조업
082800,의약품 제조업
043910,"시멘트, 석회, 플라스터 및 그 제품 제조업"
079000,플라스틱제품 제조업
084010,1차 철강 제조업
041020,소프트웨어 개발 및 공급업
078590,자동차 신품 부품 제조업
038070,기타 전문 도매업
075180,자동차 신품 부품 제조업
083420,기타 화학제품 제조업
079940,소프트웨어 개발 및 공급업
077360,반도체 제조업
083930,특수 목적용 기계 제조업
067310,반도체 제조업
083310,특수 목적용 기계 제조업
082660,기타 화학제품 제조업
080010,상품 중개업
084690,기타 금융업
071950,가구 제조업
078160,기초 의약물질 제조업
082850,기타 식품 제조업
080160,여행사 및 기타 여행보조 서비스업
084680,귀금속 및 장신용품 제조업
084670,육상 여객 운송업
042700,특수 목적용 기계 제조업
078890,통신 및 방송 장비 제조업
050890,통신 및 방송 장비 제조업
004890,1차 철강 제조업
082210,사진장비 및 광학기기 제조업
082270,특수 목적용 기계 제조업
075130,"컴퓨터 프로그래밍, 시스템 통합 및 관리업"
010960,기반조성 및 시설물 축조관련 전문공사업
073240,고무제품 제조업
073490,통신 및 방송 장비 제조업
079950,특수 목적용 기계 제조업
079960,"전동기, 발전기 및 전기 변환 · 공급 · 제어 장치 제조업"
080220,반도체 제조업
079170,1차 비철금속 제조업
079810,기타 전기장비 제조업
052220,영상·오디오물 제공 서비스업
079650,"시멘트, 석회, 플라스터 및 그 제품 제조업"
052900,플라스틱제품 제조업
066910,기타 전문 도매업
049950,특수 목적용 기계 제조업
052460,"컴퓨터 프로그래밍, 시스템 통합 및 관리업"
079160,"영화, 비디오물, 방송프로그램 제작 및 배급업"
081000,기타 화학제품 제조업
072870,"서적, 잡지 및 기타 인쇄물 출판업"
073010,일반 목적용 기계 제조업
046440,소프트웨어 개발 및 공급업
078600,전자부품 제조업
054450,반도체 제조업
078150,특수 목적용 기계 제조업
067990,자동차 판매업
014830,기초 화학물질 제조업
051360,영상 및 음향기기 제조업
041650,자동차 신품 부품 제조업
078130,기타 종이 및 판지 제품 제조업
068790,특수 목적용 기계 제조업
023810,자동차 신품 부품 제조업
048870,의료용 기기 제조업
065350,가정용 기기 제조업
078930,기타 금융업
077500,기계장비 및 관련 물품 도매업
058730,"구조용 금속제품, 탱크 및 증기발생기 제조업"
039340,텔레비전 방송업
034220,전자부품 제조업
064260,소프트웨어 개발 및 공급업
078000,"자료처리, 호스팅, 포털 및 기타 인터넷 정보매개 서비스업"
011080,봉제의복 제조업
050090,광고업
057030,교육지원 서비스업
065770,통신 및 방송 장비 제조업
074430,기초 의약물질 제조업
066700,의약품 제조업
066900,전자부품 제조업
078350,반도체 제조업
077970,일반 목적용 기계 제조업
075970,기타 비금속 광물제품 제조업
069540,통신 및 방송 장비 제조업
073190,가구 제조업
054090,그외 기타 제품 제조업
041910,의약품 제조업
034310,회사 본부 및 경영 컨설팅 서비스업
019680,초등 교육기관
067770,전자부품 제조업
070590,"컴퓨터 프로그래밍, 시스템 통합 및 관리업"
073570,그외 기타 제품 제조업
073640,기타 금속 가공제품 제조업
065680,전자부품 제조업
057880,비거주 복지시설 운영업
024110,은행 및 저축기관
074610,일반 목적용 기계 제조업
067160,소프트웨어 개발 및 공급업
060570,영상·오디오물 제공 서비스업
066410,전기 통신업
074600,유리 및 유리제품 제조업
071280,특수 목적용 기계 제조업
069510,영상 및 음향기기 제조업
067170,자동차 재제조 부품 제조업
054780,"영화, 비디오물, 방송프로그램 제작 및 배급업"
041440,특수 목적용 기계 제조업
025750,제재 및 목재 가공업
072020,기초 의약물질 제조업
065510,의료용 기기 제조업
072470,자동차 신품 부품 제조업
068930,일반 교습 학원
007660,전자부품 제조업
035250,유원지 및 기타 오락관련 서비스업
069330,전자부품 제조업
064760,기타 비금속 광물제품 제조업
037270,"자료처리, 호스팅, 포털 및 기타 인터넷 정보매개 서비스업"
052710,전자부품 제조업
072710,기타 금융업
065950,직물직조 및 직물제품 제조업
047310,"전동기, 발전기 및 전기 변환 · 공급 · 제어 장치 제조업"
071050,기타 금융업
041520,"측정, 시험, 항해, 제어 및 기타 정밀기기 제조업; 광학기기 제외"
072130,"자료처리, 호스팅, 포털 및 기타 인터넷 정보매개 서비스업"
034120,텔레비전 방송업
064240,기타 전문 도매업
066790,텔레비전 방송업
069080,소프트웨어 개발 및 공급업
036570,소프트웨어 개발 및 공급업
071090,1차 철강 제조업
067080,의약품 제조업
066590,자동차 신품 부품 제조업
067290,의약품 제조업
066130,가정용 기기 제조업
065450,"측정, 시험, 항해, 제어 및 기타 정밀기기 제조업; 광학기기 제외"
065130,특수 목적용 기계 제조업
069730,1차 철강 제조업
065440,소프트웨어 개발 및 공급업
006890,기초 화학물질 제조업
049630,사진장비 및 광학기기 제조업
021650,플라스틱제품 제조업
051370,전자부품 제조업
065570,통신 및 방송 장비 제조업
065650,기계장비 및 관련 물품 도매업
066980,"건축기술, 엔지니어링 및 관련 기술 서비스업"
016100,"골판지, 종이 상자 및 종이용기 제조업"
011500,기타 화학제품 제조업
042040,기타 전문 도매업
066670,전자부품 제조업
066430,기타 전문 도매업
047820,"영화, 비디오물, 방송프로그램 제작 및 배급업"
064090,상품 종합 도매업
049960,기초 의약물질 제조업
053290,"서적, 잡지 및 기타 인쇄물 출판업"
064520,반도체 제조업
069960,종합 소매업
035600,소프트웨어 개발 및 공급업
065170,음·식료품 및 담배 도매업
069460,1차 비철금속 제조업
069620,의약품 제조업
041590,실내건축 및 건축마무리 공사업
027740,"도축, 육류 가공 및 저장 처리업"
036530,기타 금융업
069260,기타 화학제품 제조업
042600,전자부품 제조업
033530,자동차 신품 부품 제조업
065500,자동차 신품 부품 제조업
060900,전기업
066620,실내건축 및 건축마무리 공사업
052770,소프트웨어 개발 및 공급업
065420,기타 화학제품 제조업
064800,"섬유, 의복, 신발 및 가죽제품 소매업"
058430,1차 철강 제조업
039980,"컴퓨터 프로그래밍, 시스템 통합 및 관리업"
048410,기타 화학제품 제조업
068290,"서적, 잡지 및 기타 인쇄물 출판업"
067830,종합 소매업
058610,"전동기, 발전기 및 전기 변환 · 공급 · 제어 장치 제조업"
045340,소프트웨어 개발 및 공급업
030610,금융 지원 서비스업
065710,"전동기, 발전기 및 전기 변환 · 공급 · 제어 장치 제조업"
065690,고무제품 제조업
009240,생활용품 도매업
060560,기타 전문 도매업
043710,기타 전문 도매업
036010,전자부품 제조업
060280,기타 상품 전문 소매업
060230,기타 화학제품 제조업
046940,기반조성 및 시설물 축조관련 전문공사업
057680,소프트웨어 개발 및 공급업
060150,폐기물 처리업
065530,전기 통신업
063440,기록매체 복제업
017370,특수 목적용 기계 제조업
051160,소프트웨어 개발 및 공급업
065060,봉제의복 제조업
049180,기초 의약물질 제조업
060720,전자부품 제조업
061040,통신 및 방송 장비 제조업
050760,플라스틱제품 제조업
054210,전자부품 제조업
050120,생활용품 도매업
054410,기타 금속 가공제품 제조업
060310,"측정, 시험, 항해, 제어 및 기타 정밀기기 제조업; 광학기기 제외"
066570,통신 및 방송 장비 제조업
061250,의약품 제조업
053980,소프트웨어 개발 및 공급업
024720,기타 금융업
054050,작물 재배업
039420,전기 통신업
064960,자동차 신품 부품 제조업
039440,특수 목적용 기계 제조업
049550,기타 화학제품 제조업
054670,의약품 제조업
060590,의약품 제조업
049070,통신 및 방송 장비 제조업
060370,전기 및 통신 공사업
051380,기계장비 및 관련 물품 도매업
037710,종합 소매업
053270,자동차 신품 부품 제조업
034950,기타 사업지원 서비스업
060260,플라스틱제품 제조업
060380,1차 철강 제조업
046310,통신 및 방송 장비 제조업
049720,기타 사업지원 서비스업
052670,의약품 제조업
046890,반도체 제조업
013990,생활용품 도매업
058450,"영화, 비디오물, 방송프로그램 제작 및 배급업"
059090,반도체 제조업
054930,"건축기술, 엔지니어링 및 관련 기술 서비스업"
035200,플라스틱제품 제조업
054040,전자부품 제조업
048470,기타 전문 도매업
042500,"컴퓨터 프로그래밍, 시스템 통합 및 관리업"
040350,"컴퓨터 프로그래밍, 시스템 통합 및 관리업"
054300,일반 목적용 기계 제조업
047080,소프트웨어 개발 및 공급업
020760,반도체 제조업
060250,금융 지원 서비스업
056730,건물 건설업
053260,1차 철강 제조업
060240,선박 및 보트 건조업
033180,전자부품 제조업
041930,고무제품 제조업
054220,"전동기, 발전기 및 전기 변환 · 공급 · 제어 장치 제조업"
014940,일반 목적용 기계 제조업
043590,반도체 제조업
058470,전자부품 제조업
045300,전자부품 제조업
056190,특수 목적용 기계 제조업
056700,플라스틱제품 제조업
054940,실내건축 및 건축마무리 공사업
043370,자동차 신품 부품 제조업
063160,의약품 제조업
054620,기타 금융업
056360,통신 및 방송 장비 제조업
043260,전자부품 제조업
051390,상품 종합 도매업
054540,"구조용 금속제품, 탱크 및 증기발생기 제조업"
053350,소프트웨어 개발 및 공급업
054630,그외 기타 제품 제조업
056080,특수 목적용 기계 제조업
044490,기타 금속 가공제품 제조업
053950,의약품 제조업
053700,자동차 신품 부품 제조업
054920,소프트웨어 개발 및 공급업
041960,의약품 제조업
053160,"전동기, 발전기 및 전기 변환 · 공급 · 제어 장치 제조업"
052400,소프트웨어 개발 및 공급업
054180,선박 및 보트 건조업
043090,기타 전문 도매업
049470,소프트웨어 개발 및 공급업
053050,연료용 가스 제조 및 배관공급업
054800,기타 전문 서비스업
047770,봉제의복 제조업
053800,소프트웨어 개발 및 공급업
055550,기타 금융업
040300,"영화, 비디오물, 방송프로그램 제작 및 배급업"
058820,의약품 제조업
035900,오디오물 출판 및 원판 녹음업
021320,건물 건설업
053060,자동차 신품 부품 제조업
053610,특수 목적용 기계 제조업
052790,소프트웨어 개발 및 공급업
053450,사진장비 및 광학기기 제조업
053030,의약품 제조업
052420,플라스틱제품 제조업
021240,그외 기타 개인 서비스업
053620,기타 금속 가공제품 제조업
052300,상품 종합 도매업
049520,전자부품 제조업
048910,기타 전문 도매업
051980,통신 및 방송 장비 제조업
058650,1차 철강 제조업
051500,음·식료품 및 담배 도매업
049120,전자부품 제조업
043360,컴퓨터 및 주변장치 제조업
052330,영상 및 음향기기 제조업
052600,전기 통신업
052020,기계장비 및 관련 물품 도매업
043220,특수 목적용 기계 제조업
051780,음·식료품 및 담배 소매업
033790,통신 및 방송 장비 제조업
051490,특수 목적용 기계 제조업
038870,사업시설 유지·관리 서비스업
045660,컴퓨터 및 주변장치 제조업
045390,기타 전기장비 제조업
050110,전자부품 제조업
052260,기타 화학제품 제조업
036540,반도체 제조업
051900,기타 화학제품 제조업
051910,기초 화학물질 제조업
047040,건물 건설업
047050,상품 중개업
042670,특수 목적용 기계 제조업
042660,선박 및 보트 건조업
038500,기타 비금속 광물제품 제조업
051630,플라스틱제품 제조업
024850,전자부품 제조업
048550,광고업
049830,기타 금속 가공제품 제조업
048770,일반 목적용 기계 제조업
049430,"측정, 시험, 항해, 제어 및 기타 정밀기기 제조업; 광학기기 제외"
044480,고무제품 제조업
046390,"영화, 비디오물, 방송프로그램 제작 및 배급업"
014620,1차 철강 제조업
048430,"전동기, 발전기 및 전기 변환 · 공급 · 제어 장치 제조업"
017480,1차 철강 제조업
049480,"컴퓨터 프로그래밍, 시스템 통합 및 관리업"
042510,소프트웨어 개발 및 공급업
036670,기타 화학제품 제조업
039830,전문디자인업
036190,전기 및 통신 공사업
046070,자동차 신품 부품 제조업
041830,의료용 기기 제조업
014570,의약품 제조업
045520,일반 목적용 기계 제조업
044180,건물 건설업
044960,기타 전문 도매업
032080,"섬유제품 염색, 정리 및 마무리 가공업"
034020,일반 목적용 기계 제조업
010470,광고업
044340,가정용 기기 제조업
042940,건물 건설업
010040,"내화, 비내화 요업제품 제조업"
048830,합성고무 및 플라스틱 물질 제조업
000250,의약품 제조업
044780,특수 목적용 기계 제조업
045510,기계장비 및 관련 물품 도매업
045100,"건축기술, 엔지니어링 및 관련 기술 서비스업"
040160,소프트웨어 개발 및 공급업
043340,일반 목적용 기계 제조업
043650,알코올음료 제조업
037950,전자부품 제조업
039030,특수 목적용 기계 제조업
038540,"컴퓨터 프로그래밍, 시스템 통합 및 관리업"
018680,의약품 제조업
046210,의료용품 및 기타 의약 관련제품 제조업
039860,의료용 기기 제조업
045060,기타 화학제품 제조업
043100,의료용 기기 제조업
042370,기타 금융업
045970,반도체 제조업
040420,일반 교습 학원
007370,의약품 제조업
043610,영상·오디오물 제공 서비스업
036890,특수 목적용 기계 제조업
039010,통신 및 방송 장비 제조업
009300,의약품 제조업
043200,"전동기, 발전기 및 전기 변환 · 공급 · 제어 장치 제조업"
042110,가정용 기기 제조업
039740,기타 전문 도매업
039840,의료용 기기 제조업
042420,소프트웨어 개발 및 공급업
039560,통신 및 방송 장비 제조업
038460,전자부품 제조업
032820,"전동기, 발전기 및 전기 변환 · 공급 · 제어 장치 제조업"
001540,의약품 제조업
039310,소프트웨어 개발 및 공급업
041190,기타 금융업
038530,생활용품 도매업
036640,합성고무 및 플라스틱 물질 제조업
031330,기계장비 및 관련 물품 도매업
038620,연료 소매업
039020,제재 및 목재 가공업
038950,통신 및 방송 장비 제조업
036800,전기 통신업
040610,자동차 신품 부품 제조업
038880,전자부품 제조업
038680,"컴퓨터 프로그래밍, 시스템 통합 및 관리업"
041510,오디오물 출판 및 원판 녹음업
010280,"컴퓨터 프로그래밍, 시스템 통합 및 관리업"
037760,1차 철강 제조업
036480,의약품 제조업
038110,자동차 신품 부품 제조업
032500,통신 및 방송 장비 제조업
039610,일반 목적용 기계 제조업
039240,1차 철강 제조업
038290,"그외 기타 전문, 과학 및 기술 서비스업"
037440,"건축기술, 엔지니어링 및 관련 기술 서비스업"
038390,여행사 및 기타 여행보조 서비스업
036830,회사 본부 및 경영 컨설팅 서비스업
036810,전자부품 제조업
036690,통신 및 방송 장비 제조업
037370,기초 화학물질 제조업
036620,기타 전문 도매업
037350,"건축기술, 엔지니어링 및 관련 기술 서비스업"
038010,"구조용 금속제품, 탱크 및 증기발생기 제조업"
016450,봉제의복 제조업
001810,"펄프, 종이 및 판지 제조업"
036630,전기 및 통신 공사업
036710,회사 본부 및 경영 컨설팅 서비스업
037070,가정용 기기 제조업
036560,일반 목적용 기계 제조업
016250,건물 건설업
035890,건물 건설업
036930,특수 목적용 기계 제조업
036030,상품 중개업
016710,회사 본부 및 경영 컨설팅 서비스업
032190,기계장비 및 관련 물품 도매업
005290,기초 화학물질 제조업
003100,기타 운송관련 서비스업
036170,반도체 제조업
026040,귀금속 및 장신용품 제조업
036180,기계장비 및 관련 물품 도매업
037230,"골판지, 종이 상자 및 종이용기 제조업"
037460,통신 및 방송 장비 제조업
037400,상품 종합 도매업
003220,의약품 제조업
036460,연료용 가스 제조 및 배관공급업
033640,반도체 제조업
037330,전자부품 제조업
036090,특수 목적용 기계 제조업
036200,특수 목적용 기계 제조업
024800,육상 여객 운송업
027050,기타 화학제품 제조업
035290,"서적, 잡지 및 기타 인쇄물 출판업"
036120,기타 정보 서비스업
027040,"전동기, 발전기 및 전기 변환 · 공급 · 제어 장치 제조업"
027830,신탁업 및 집합투자업
036000,"서적, 잡지 및 기타 인쇄물 출판업"
007120,"컴퓨터 프로그래밍, 시스템 통합 및 관리업"
035760,텔레비전 방송업
035810,동물용 사료 및 조제식품 제조업
035460,통신 및 방송 장비 제조업
000850,특수 목적용 기계 제조업
036580,"곡물가공품, 전분 및 전분제품 제조업"
033780,담배 제조업
009540,기타 금융업
024090,1차 철강 제조업
035620,"영화, 비디오물, 방송프로그램 제작 및 배급업"
035610,회사 본부 및 경영 컨설팅 서비스업
020710,전문디자인업
012790,의약품 제조업
034940,의약품 제조업
006840,기타 금융업
035000,광고업
006650,기초 화학물질 제조업
035150,플라스틱제품 제조업
033250,자동차 신품 부품 제조업
033230,"컴퓨터 프로그래밍, 시스템 통합 및 관리업"
035080,무점포 소매업
005160,1차 철강 제조업
005990,동·식물성 유지 및 낙농제품 제조업
034810,기타 금융업
033240,전자부품 제조업
030200,전기 통신업
019490,영상 및 음향기기 제조업
030000,광고업
025770,전기 통신업
033540,특수 목적용 기계 제조업
033500,기초 화학물질 제조업
026890,신탁업 및 집합투자업
029460,"측정, 시험, 항해, 제어 및 기타 정밀기기 제조업; 광학기기 제외"
030350,소프트웨어 개발 및 공급업
033160,전자부품 제조업
033310,전자부품 제조업
033320,기계장비 및 관련 물품 도매업
009520,1차 철강 제조업
013810,특수 목적용 기계 제조업
033340,봉제의복 제조업
024890,플라스틱제품 제조업
033200,전자부품 제조업
033290,"섬유, 의복, 신발 및 가죽제품 소매업"
015710,통신 및 방송 장비 제조업
017940,기타 전문 도매업
018670,기타 전문 도매업
023590,"자료처리, 호스팅, 포털 및 기타 인터넷 정보매개 서비스업"
014440,플라스틱제품 제조업
033100,"전동기, 발전기 및 전기 변환 · 공급 · 제어 장치 제조업"
033050,기타 화학제품 제조업
033130,"자료처리, 호스팅, 포털 및 기타 인터넷 정보매개 서비스업"
032980,음·식료품 및 담배 도매업
019210,기타 금속 가공제품 제조업
026150,토목 건설업
031310,전기 통신업
011790,기타 화학제품 제조업
032960,전자부품 제조업
032680,기타 정보 서비스업
032940,기계장비 및 관련 물품 도매업
008290,봉제의복 제조업
010600,상품 중개업
025890,특수 목적용 기계 제조업
032750,통신 및 방송 장비 제조업
032860,"해체, 선별 및 원료 재생업"
032850,소프트웨어 개발 및 공급업
032790,기계장비 및 관련 물품 도매업
032800,창작 및 예술관련 서비스업
024900,자동차 신품 부품 제조업
023960,토목 건설업
023800,자동차 신품 부품 제조업
032620,소프트웨어 개발 및 공급업
032580,반도체 제조업
032540,영상 및 음향기기 제조업
028080,"컴퓨터 프로그래밍, 시스템 통합 및 관리업"
032280,도로 화물 운송업
012320,기타 금융업
012340,자동차 신품 부품 제조업
031820,"컴퓨터 프로그래밍, 시스템 통합 및 관리업"
025530,자동차 부품 및 내장품 판매업
031510,자동차 신품 부품 제조업
031860,상품 종합 도매업
031980,특수 목적용 기계 제조업
000660,반도체 제조업
015360,회사 본부 및 경영 컨설팅 서비스업
023150,알코올음료 제조업
023450,기초 화학물질 제조업
028050,"건축기술, 엔지니어링 및 관련 기술 서비스업"
029530,컴퓨터 및 주변장치 제조업
005320,생활용품 도매업
016800,가구 제조업
011560,건물설비 설치 공사업
024740,자동차 신품 부품 제조업
024070,플라스틱제품 제조업
030720,어로 어업
025560,"측정, 시험, 항해, 제어 및 기타 정밀기기 제조업; 광학기기 제외"
030210,금융 지원 서비스업
030960,인쇄 및 인쇄관련 산업
012630,기타 금융업
017900,반도체 제조업
025540,"전동기, 발전기 및 전기 변환 · 공급 · 제어 장치 제조업"
030530,기초 화학물질 제조업
030520,소프트웨어 개발 및 공급업
021880,기타 금융업
029480,통신 및 방송 장비 제조업
021040,1차 철강 제조업
003160,"측정, 시험, 항해, 제어 및 기타 정밀기기 제조업; 광학기기 제외"
011930,반도체 제조업
019180,기타 전기장비 제조업
018880,일반 목적용 기계 제조업
028300,의료용품 및 기타 의약 관련제품 제조업
027710,동물용 사료 및 조제식품 제조업
006740,"골판지, 종이 상자 및 종이용기 제조업"
021820,자동차 신품 부품 제조업
000910,"시멘트, 석회, 플라스터 및 그 제품 제조업"
020120,"자료처리, 호스팅, 포털 및 기타 인터넷 정보매개 서비스업"
027970,"펄프, 종이 및 판지 제조업"
020000,봉제의복 제조업
017800,일반 목적용 기계 제조업
016580,의약품 제조업
023600,"펄프, 종이 및 판지 제조업"
018310,"구조용 금속제품, 탱크 및 증기발생기 제조업"
003800,가구 제조업
014190,기타 전문 도매업
013580,토목 건설업
021050,금속 주조업
012750,"경비, 경호 및 탐정업"
015890,기초 화학물질 제조업
012700,기타 전문 도매업
018000,일반 목적용 기계 제조업
025980,일반 및 생활 숙박시설 운영업
026910,1차 철강 제조업
017250,영상 및 음향기기 제조업
016590,"골판지, 종이 상자 및 종이용기 제조업"
011690,반도체 제조업
025860,"비료, 농약 및 살균, 살충제 제조업"
018500,자동차 신품 부품 제조업
011300,직물직조 및 직물제품 제조업
015750,자동차 신품 부품 제조업
020180,"컴퓨터 프로그래밍, 시스템 통합 및 관리업"
006730,일반 및 생활 숙박시설 운영업
011200,해상 운송업
012610,기초 화학물질 제조업
017810,기타 식품 제조업
017390,연료용 가스 제조 및 배관공급업
025820,1차 비철금속 제조업
025950,토목 건설업
025900,나무제품 제조업
011090,가구 제조업
007460,기타 금속 가공제품 제조업
025620,기타 화학제품 제조업
017960,"구조용 금속제품, 탱크 및 증기발생기 제조업"
025870,음·식료품 및 담배 도매업
025880,동물용 사료 및 조제식품 제조업
002680,"곡물가공품, 전분 및 전분제품 제조업"
025550,1차 철강 제조업
025440,영상 및 음향기기 제조업
025320,전자부품 제조업
024940,생활용품 도매업
024950,생활용품 도매업
014100,상품 종합 도매업
024840,1차 비철금속 제조업
024910,자동차 신품 부품 제조업
004780,기타 금속 가공제품 제조업
013120,건물 건설업
024830,자동차 신품 부품 제조업
024880,기타 금속 가공제품 제조업
025000,기초 화학물질 제조업
007980,봉제의복 제조업
010580,자동차 신품 부품 제조업
024120,자동차 신품 부품 제조업
017000,건물 건설업
024060,기타 전문 도매업
023910,의약품 제조업
001840,건물 건설업
023900,알코올음료 제조업
017650,기타 종이 및 판지 제품 제조업
010170,절연선 및 케이블 제조업
023790,1차 철강 제조업
023770,소프트웨어 개발 및 공급업
023760,기타 금융업
005860,동물용 사료 및 조제식품 제조업
009440,기타 금융업
008420,1차 철강 제조업
016880,회사 본부 및 경영 컨설팅 서비스업
012860,자동차 신품 부품 제조업
006050,유리 및 유리제품 제조업
023410,"시멘트, 석회, 플라스터 및 그 제품 제조업"
023440,1차 철강 제조업
006910,"구조용 금속제품, 탱크 및 증기발생기 제조업"
018290,기타 화학제품 제조업
023160,1차 철강 제조업
014790,토목 건설업
007310,기타 식품 제조업
008500,편조원단 제조업
007530,기타 금속 가공제품 제조업
010120,"전동기, 발전기 및 전기 변환 · 공급 · 제어 장치 제조업"
001000,부동산 임대 및 공급업
012620,1차 철강 제조업
011370,건물 건설업
009190,1차 철강 제조업
000760,기타 전문 도매업
014820,플라스틱제품 제조업
018700,생활용품 도매업
014470,부동산 임대 및 공급업
010140,선박 및 보트 건조업
009680,자동차 신품 부품 제조업
010690,자동차 신품 부품 제조업
007720,상품 종합 도매업
013720,자동차 신품 부품 제조업
011320,자동차 신품 부품 제조업
018120,알코올음료 제조업
009620,1차 비철금속 제조업
005670,"과실, 채소 가공 및 저장 처리업"
007330,은행 및 저축기관
006140,의료용 기기 제조업
019010,종합 소매업
009780,기타 식품 제조업
000390,기타 화학제품 제조업
009450,가정용 기기 제조업
020400,금속 주조업
005710,자동차 신품 부품 제조업
016600,기타 금융업
004590,기타 상품 전문 소매업
016670,기타 전문 도매업
000440,기타 전문 도매업
012030,"컴퓨터 프로그래밍, 시스템 통합 및 관리업"
005090,전기업
014970,"골판지, 종이 상자 및 종이용기 제조업"
005750,"내화, 비내화 요업제품 제조업"
011040,의약품 제조업
008370,플라스틱제품 제조업
007390,기초 의약물질 제조업
002290,건물 건설업
019540,자동차 신품 부품 제조업
007770,기초 화학물질 제조업
017890,기타 화학제품 제조업
003310,동물용 사료 및 조제식품 제조업
019660,상품 종합 도매업
005880,해상 운송업
017510,기타 금속 가공제품 제조업
005870,통신 및 방송 장비 제조업
017550,특수 목적용 기계 제조업
021080,신탁업 및 집합투자업
011170,기초 화학물질 제조업
008830,특수 목적용 기계 제조업
001430,1차 철강 제조업
008770,기타 상품 전문 소매업
014580,"시멘트, 석회, 플라스터 및 그 제품 제조업"
013520,자동차 신품 부품 제조업
004080,기계장비 및 관련 물품 도매업
006060,상품 종합 도매업
014530,석유 정제품 제조업
002140,"곡물가공품, 전분 및 전분제품 제조업"
002230,"측정, 시험, 항해, 제어 및 기타 정밀기기 제조업; 광학기기 제외"
016090,봉제의복 제조업
001620,자동차 신품 부품 제조업
017040,"전동기, 발전기 및 전기 변환 · 공급 · 제어 장치 제조업"
011390,"시멘트, 석회, 플라스터 및 그 제품 제조업"
011810,상품 종합 도매업
010130,1차 비철금속 제조업
009730,1차 철강 제조업
004720,의약품 제조업
009200,"펄프, 종이 및 판지 제조업"
001500,금융 지원 서비스업
008870,유리 및 유리제품 제조업
008110,통신 및 방송 장비 제조업
005820,직물직조 및 직물제품 제조업
008490,기타 화학제품 제조업
014910,전자부품 제조업
003580,종합 소매업
015860,기타 금융업
014160,"골판지, 종이 상자 및 종이용기 제조업"
012280,자동차 신품 부품 제조업
019170,의약품 제조업
002210,의약품 제조업
016920,기계장비 및 관련 물품 도매업
012170,"영화, 비디오물, 방송프로그램 제작 및 배급업"
009420,의약품 제조업
013030,1차 철강 제조업
011330,"가죽, 가방 및 유사제품 제조업"
012800,1차 비철금속 제조업
001140,도로 화물 운송업
013360,토목 건설업
013700,건물 건설업
002760,기타 화학제품 제조업
007610,"전동기, 발전기 및 전기 변환 · 공급 · 제어 장치 제조업"
004920,영상 및 음향기기 제조업
009290,의약품 제조업
011420,스포츠 서비스업
004270,기타 전문 도매업
001940,1차 철강 제조업
009410,토목 건설업
007280,1차 철강 제조업
009180,기타 운송관련 서비스업
002170,"가죽, 가방 및 유사제품 제조업"
017670,전기 통신업
010640,플라스틱제품 제조업
003650,석유 정제품 제조업
004380,일반 목적용 기계 제조업
002840,기타 화학제품 제조업
007860,기타 금융업
019550,신탁업 및 집합투자업
013000,기타 전문 도매업
012330,자동차 신품 부품 제조업
001390,기초 화학물질 제조업
009320,자동차 신품 부품 제조업
001450,보험업
005440,기타 금융업
015760,전기업
007690,기초 화학물질 제조업
006280,의약품 제조업
009160,1차 철강 제조업
008600,생활용품 도매업
015230,자동차 신품 부품 제조업
007160,수산물 가공 및 저장 처리업
014130,도로 화물 운송업
008040,"곡물가공품, 전분 및 전분제품 제조업"
009140,전자부품 제조업
009580,"펄프, 종이 및 판지 제조업"
014990,봉제의복 제조업
013570,기타 금융업
003610,직물직조 및 직물제품 제조업
015590,일반 목적용 기계 제조업
014680,기초 화학물질 제조업
010820,무기 및 총포탄 제조업
019570,신탁업 및 집합투자업
006040,기타 금융업
008060,기타 금융업
003680,수산물 가공 및 저장 처리업
006920,"시멘트, 석회, 플라스터 및 그 제품 제조업"
015020,부동산 임대 및 공급업
011280,"골판지, 종이 상자 및 종이용기 제조업"
002310,"골판지, 종이 상자 및 종이용기 제조업"
010660,특수 목적용 기계 제조업
011150,기타 식품 제조업
001770,1차 철강 제조업
018470,1차 비철금속 제조업
005850,자동차 신품 부품 제조업
009970,기타 금융업
012510,"컴퓨터 프로그래밍, 시스템 통합 및 관리업"
003850,의약품 제조업
008250,나무제품 제조업
012690,기타 종이 및 판지 제품 제조업
006370,종합 소매업
006980,"곡물가공품, 전분 및 전분제품 제조업"
002920,자동차 신품 부품 제조업
002220,1차 철강 제조업
002450,악기 제조업
002460,건물 건설업
007340,일차전지 및 이차전지 제조업
000890,알코올음료 제조업
001290,금융 지원 서비스업
003010,기계장비 및 관련 물품 도매업
014280,1차 철강 제조업
009810,기타 전문 도매업
008730,플라스틱제품 제조업
009270,봉제의복 제조업
004140,기타 운송관련 서비스업
002960,석유 정제품 제조업
003000,의약품 제조업
005810,기타 금융업
001270,금융 지원 서비스업
012200,일반 목적용 기계 제조업
004710,전자부품 제조업
016610,금융 지원 서비스업
008930,기타 금융업
005500,의약품 제조업
005490,1차 철강 제조업
002410,건물 건설업
005690,기초 의약물질 제조업
001230,기타 금융업
006340,절연선 및 케이블 제조업
005950,기초 화학물질 제조업
016360,금융 지원 서비스업
002810,기타 전문 도매업
001750,금융 지원 서비스업
011780,기초 화학물질 제조업
003470,금융 지원 서비스업
002620,회사 본부 및 경영 컨설팅 서비스업
015260,전자부품 제조업
009460,"펄프, 종이 및 판지 제조업"
005720,고무제품 제조업
006660,자동차 신품 부품 제조업
004490,일차전지 및 이차전지 제조업
011000,의약품 제조업
009310,특수 목적용 기계 제조업
010100,자동차 신품 부품 제조업
005070,기타 화학제품 제조업
004830,플라스틱제품 제조업
001720,금융 지원 서비스업
001200,금융 지원 서비스업
003460,금융 지원 서비스업
011700,일반 목적용 기계 제조업
005420,기타 화학제품 제조업
000500,절연선 및 케이블 제조업
010950,석유 정제품 제조업
012450,"항공기,우주선 및 부품 제조업"
011230,영상 및 음향기기 제조업
004020,1차 철강 제조업
004770,전자부품 제조업
004560,1차 철강 제조업
006090,수산물 가공 및 저장 처리업
003530,금융 지원 서비스업
009470,전자부품 제조업
001510,금융 지원 서비스업
010770,자동차 신품 부품 제조업
007110,"건축자재, 철물 및 난방장치 도매업"
016380,1차 철강 제조업
010780,"시멘트, 석회, 플라스터 및 그 제품 제조업"
002360,기초 화학물질 제조업
003830,화학섬유 제조업
007810,전자부품 제조업
004170,종합 소매업
010060,기타 금융업
000520,의약품 제조업
006490,전기 통신업
003120,의약품 제조업
000720,토목 건설업
002710,1차 철강 제조업
003060,의약품 제조업
007700,기타 금융업
008700,영상 및 음향기기 제조업
010620,선박 및 보트 건조업
006360,건물 건설업
006110,1차 비철금속 제조업
006200,기타 금융업
006400,일차전지 및 이차전지 제조업
009150,전자부품 제조업
005960,토목 건설업
009070,도로 화물 운송업
003070,토목 건설업
005180,동·식물성 유지 및 낙농제품 제조업
005250,회사 본부 및 경영 컨설팅 서비스업
000480,"내화, 비내화 요업제품 제조업"
004310,의약품 제조업
003920,동·식물성 유지 및 낙농제품 제조업
008350,1차 비철금속 제조업
003350,기타 화학제품 제조업
011760,상품 종합 도매업
006260,기타 금융업
001740,기타 전문 도매업
002100,"비료, 농약 및 살균, 살충제 제조업"
004870,"시멘트, 석회, 플라스터 및 그 제품 제조업"
007590,"비료, 농약 및 살균, 살충제 제조업"
004430,기타 화학제품 제조업
002780,토목 건설업
004090,기타 비금속 광물제품 제조업
000650,육상 여객 운송업
000430,자동차 신품 부품 제조업
001080,1차 철강 제조업
004700,"가죽, 가방 및 유사제품 제조업"
004360,도로 화물 운송업
008970,1차 철강 제조업
002880,자동차 신품 부품 제조업
001260,토목 건설업
005680,전자부품 제조업
005800,봉제의복 제조업
002630,의약품 제조업
001550,"비료, 농약 및 살균, 살충제 제조업"
005430,기타 운송관련 서비스업
004910,기타 화학제품 제조업
003080,"비료, 농약 및 살균, 살충제 제조업"
004690,연료용 가스 제조 및 배관공급업
002600,기타 식품 제조업
001570,기초 화학물질 제조업
003960,수산물 가공 및 저장 처리업
002070,봉제의복 제조업
003570,자동차 신품 부품 제조업
004960,건물 건설업
004370,기타 식품 제조업
003720,플라스틱제품 제조업
004980,"시멘트, 석회, 플라스터 및 그 제품 제조업"
004970,어로 어업
002870,기타 전문 도매업
001630,의약품 제조업
005740,기타 금융업
002390,의약품 제조업
001380,자동차 신품 부품 제조업
006120,기타 금융업
007540,기타 금융업
003280,해상 운송업
001250,상품 종합 도매업
002990,건물 건설업
001470,토목 건설업
001820,전자부품 제조업
001020,"펄프, 종이 및 판지 제조업"
001520,"시멘트, 석회, 플라스터 및 그 제품 제조업"
000880,기타 화학제품 제조업
001060,의약품 제조업
000670,1차 비철금속 제조업
001340,기초 화학물질 제조업
000180,회사 본부 및 경영 컨설팅 서비스업
005110,기계장비 및 관련 물품 도매업
004450,기타 금속 가공제품 제조업
000040,그외 기타 운송장비 제조업
002240,1차 철강 제조업
004100,자동차 신품 부품 제조업
002820,나무제품 제조업
004840,고무제품 제조업
002350,고무제품 제조업
004060,상품 종합 도매업
004000,기초 화학물질 제조업
000020,의약품 제조업
000210,기초 화학물질 제조업
001120,상품 중개업
002720,의약품 제조업
003240,화학섬유 제조업
005030,자동차 신품 부품 제조업
000590,기타 금융업
000990,반도체 제조업
006570,기타 금속 가공제품 제조업
000220,의약품 제조업
000860,기타 화학제품 제조업
003540,금융 지원 서비스업
005940,금융 지원 서비스업
006800,금융 지원 서비스업
002700,기계장비 및 관련 물품 도매업
001360,의약품 제조업
000810,보험업
003230,기타 식품 제조업
000370,보험업
008260,1차 철강 제조업
000230,의약품 제조업
000490,특수 목적용 기계 제조업
001800,기타 금융업
004540,"펄프, 종이 및 판지 제조업"
001420,자동차 신품 부품 제조업
002020,기타 금융업
005930,통신 및 방송 장비 제조업
000300,자동차 신품 부품 제조업
001460,봉제의복 제조업
003620,자동차용 엔진 및 자동차 제조업
005610,기타 식품 제조업
000540,보험업
007570,의약품 제조업
002320,도로 화물 운송업
002200,"골판지, 종이 상자 및 종이용기 제조업"
005380,자동차용 엔진 및 자동차 제조업
005360,생활용품 도매업
009830,기초 화학물질 제조업
002030,회사 본부 및 경영 컨설팅 서비스업
006380,기초 화학물질 제조업
004990,기타 금융업
001070,직물직조 및 직물제품 제조업
004410,기타 식품 제조업
003560,"영화, 비디오물, 방송프로그램 제작 및 배급업"
000680,상품 종합 도매업
001210,전구 및 조명장치 제조업
000140,기타 금융업
000320,기타 금융업
000270,자동차용 엔진 및 자동차 제조업
004800,기타 금융업
001040,기타 금융업
000150,기타 금융업
005010,1차 철강 제조업
005830,보험업
002900,특수 목적용 기계 제조업
003090,의약품 제조업
003780,플라스틱제품 제조업
003520,의약품 제조업
002380,기타 화학제품 제조업
005300,비알코올음료 및 얼음 제조업
003200,방적 및 가공사 제조업
002790,기타 화학제품 제조업
006220,은행 및 저축기관
004150,기타 금융업
007210,기타 비금속 광물제품 제조업
000400,보험업
001130,"곡물가공품, 전분 및 전분제품 제조업"
001680,기타 식품 제조업
003550,기타 금융업
000640,기타 금융업
003690,재 보험업
000970,1차 철강 제조업
003300,"시멘트, 석회, 플라스터 및 그 제품 제조업"
004250,플라스틱제품 제조업
003030,기타 금융업
001440,절연선 및 케이블 제조업
001790,"곡물가공품, 전분 및 전분제품 제조업"
000070,기타 금융업
002420,연료 소매업
000240,기타 금융업
000950,방적 및 가공사 제조업
003490,항공 여객 운송업
001530,상품 중개업
000100,의약품 제조업
000120,도로 화물 운송업
000050,종합 소매업
000700,회사 본부 및 경영 컨설팅 서비스업
003480,연료용 가스 제조 및 배관공급업